"Label","M126 constant TWL selex","M116 Pre-STAR base","M125 2D selex"
"N.Parms",112,114,1474
"TOTAL",2624.36,2597.98,3832.74
"Survey",24.9956,24.5116,24.855
"Length_comp",588.294,572.241,528.587
"Age_comp",1986.7,1976.25,1978.84
"Recruitment",24.3386,24.9152,24.4489
"Parm_priors",0.0270967,0.0553727,0.0217717
"Parm_devs",0,0,1275.98
"NatM_uniform_Fem_GP_1",0.165831,0.171052,0.164596
"L_at_Amax_Fem_GP_1",48.046,48.19,48.053
"VonBert_K_Fem_GP_1",0.195049,0.193531,0.194674
"CV_young_Fem_GP_1",0.108197,0.110246,0.107846
"CV_old_Fem_GP_1",0.0372876,0.0372932,0.0373376
"NatM_uniform_Mal_GP_1",0.283332,0.260589,0.283349
"L_at_Amax_Mal_GP_1",-0.345938,-0.337454,-0.337484
"VonBert_K_Mal_GP_1",0.580272,0.549249,0.555879
"CV_young_Mal_GP_1",0.186367,0.208244,0.212771
"CV_old_Mal_GP_1",0.274943,0.148289,0.166451
"SR_LN(R0)",10.1564,10.2476,10.1304
"Q_extraSD_CalCOFI_Survey(11)",0.316505,0.313158,0.313587
"Q_extraSD_RREAS_YOY_Survey(12)",1.24936,1.23343,1.24176
"Size_DblN_peak_NoCA_HKL(1)",41.8567,41.2474,41.5444
"Size_DblN_ascend_se_NoCA_HKL(1)",4.4806,4.42847,4.46522
"Size_DblN_descend_se_NoCA_HKL(1)",5.58721,5.02413,5.67817
"Size_DblN_peak_SoCA_HKL(2)",24.2158,24.2451,24.1992
"Size_DblN_ascend_se_SoCA_HKL(2)",1.40092,1.41033,1.38508
"Size_DblN_descend_se_SoCA_HKL(2)",5.76154,5.78144,5.74868
"Size_DblN_peak_CA_TWL(3)",38.3034,44.6731,NA
"Size_DblN_top_logit_CA_TWL(3)",-6,-6,NA
"Size_DblN_ascend_se_CA_TWL(3)",4.09518,4.50165,NA
"Size_DblN_descend_se_CA_TWL(3)",11.467,2.98528,NA
"Size_DblN_start_logit_CA_TWL(3)",-10,-10,NA
"Size_DblN_end_logit_CA_TWL(3)",-999,-999,NA
"Size_DblN_peak_OR_WA_Comm(4)",41.1127,41.925,41.4558
"Size_DblN_ascend_se_OR_WA_Comm(4)",4.37953,4.47569,4.43086
"Size_DblN_peak_CA_NET(5)",46.8346,45.8676,46.9377
"Size_DblN_ascend_se_CA_NET(5)",4.38122,4.30744,4.40459
"Size_DblN_descend_se_CA_NET(5)",4.79476,3.63213,4.98372
"Size_DblN_peak_NoCA_OR_WA_Rec(6)",43.7648,43.4907,43.7922
"Size_DblN_ascend_se_NoCA_OR_WA_Rec(6)",5.10078,5.08974,5.11924
"Size_DblN_descend_se_NoCA_OR_WA_Rec(6)",4.51408,4.32053,4.56684
"Size_DblN_peak_SoCA_Rec(7)",24.4953,24.6445,24.5861
"Size_DblN_ascend_se_SoCA_Rec(7)",2.88113,2.91266,2.90202
"Size_DblN_descend_se_SoCA_Rec(7)",3.43598,3.36501,3.40079
"Size_DblN_end_logit_SoCA_Rec(7)",-1.12114,-1.10801,-1.15004
"Size_DblN_peak_TWL_discard(8)",29.5946,29.5467,29.5085
"Size_DblN_ascend_se_TWL_discard(8)",4.21434,4.18199,4.1895
"Size_DblN_descend_se_TWL_discard(8)",3.20597,3.20012,3.20863
"Size_DblN_peak_NoCA_HKL(1)_BLK1repl_1875",50.9685,50.2373,50.9782
"Size_DblN_ascend_se_NoCA_HKL(1)_BLK1repl_1875",4.10538,4.05049,4.09224
"Size_DblN_peak_SoCA_HKL(2)_BLK2repl_1875",48.6803,47.4103,49.1153
"Size_DblN_ascend_se_SoCA_HKL(2)_BLK2repl_1875",4.77989,4.71708,4.83595
"Size_DblN_peak_SoCA_Rec(7)_BLK2repl_1875",30.9218,30.5808,30.698
"Size_DblN_ascend_se_SoCA_Rec(7)_BLK2repl_1875",3.79555,3.73193,3.75367
"Size_DblN_peak_CA_TWL(3)_BLK3repl_1875",NA,33.5853,NA
"Size_DblN_ascend_se_CA_TWL(3)_BLK3repl_1875",NA,3.23437,NA
"Size_DblN_descend_se_CA_TWL(3)_BLK3repl_1875",NA,19,NA
"Size_inflection_CA_TWL(3)",NA,NA,31.6716
"Size_95%width_CA_TWL(3)",NA,NA,6.25678
"sigmasel_CA_TWL(3)_LEN(10)",NA,NA,1
"CA_TWL_ARDEV_y1978_Lbin10",NA,NA,0.000963559
"CA_TWL_ARDEV_y1978_Lbin11",NA,NA,0.000926599
"CA_TWL_ARDEV_y1978_Lbin12",NA,NA,-0.00104305
"CA_TWL_ARDEV_y1978_Lbin13",NA,NA,-0.00203616
"CA_TWL_ARDEV_y1978_Lbin14",NA,NA,-0.00432498
"CA_TWL_ARDEV_y1978_Lbin15",NA,NA,-0.00882034
"CA_TWL_ARDEV_y1978_Lbin16",NA,NA,0.067136
"CA_TWL_ARDEV_y1978_Lbin17",NA,NA,0.14182
"CA_TWL_ARDEV_y1978_Lbin18",NA,NA,-0.0335987
"CA_TWL_ARDEV_y1978_Lbin19",NA,NA,-0.0550706
"CA_TWL_ARDEV_y1978_Lbin20",NA,NA,-0.123748
"CA_TWL_ARDEV_y1978_Lbin21",NA,NA,-0.173735
"CA_TWL_ARDEV_y1978_Lbin22",NA,NA,-0.148563
"CA_TWL_ARDEV_y1978_Lbin23",NA,NA,-0.187903
"CA_TWL_ARDEV_y1978_Lbin24",NA,NA,-0.0797542
"CA_TWL_ARDEV_y1978_Lbin25",NA,NA,-0.0904344
"CA_TWL_ARDEV_y1978_Lbin26",NA,NA,0.316805
"CA_TWL_ARDEV_y1978_Lbin27",NA,NA,0.355291
"CA_TWL_ARDEV_y1978_Lbin28",NA,NA,-0.131384
"CA_TWL_ARDEV_y1978_Lbin29",NA,NA,-0.110758
"CA_TWL_ARDEV_y1978_Lbin30",NA,NA,-0.0440238
"CA_TWL_ARDEV_y1978_Lbin31",NA,NA,-0.0870031
"CA_TWL_ARDEV_y1978_Lbin32",NA,NA,-0.134721
"CA_TWL_ARDEV_y1978_Lbin33",NA,NA,-0.133401
"CA_TWL_ARDEV_y1978_Lbin34",NA,NA,-0.0363015
"CA_TWL_ARDEV_y1978_Lbin35",NA,NA,-0.0210702
"CA_TWL_ARDEV_y1978_Lbin36",NA,NA,0.145784
"CA_TWL_ARDEV_y1978_Lbin37",NA,NA,0.143784
"CA_TWL_ARDEV_y1978_Lbin38",NA,NA,-0.0744093
"CA_TWL_ARDEV_y1979_Lbin10",NA,NA,-0.000552665
"CA_TWL_ARDEV_y1979_Lbin11",NA,NA,-0.000705992
"CA_TWL_ARDEV_y1979_Lbin12",NA,NA,-0.00104852
"CA_TWL_ARDEV_y1979_Lbin13",NA,NA,-0.00191934
"CA_TWL_ARDEV_y1979_Lbin14",NA,NA,-0.000783943
"CA_TWL_ARDEV_y1979_Lbin15",NA,NA,-0.00167352
"CA_TWL_ARDEV_y1979_Lbin16",NA,NA,-0.0125325
"CA_TWL_ARDEV_y1979_Lbin17",NA,NA,-0.0221207
"CA_TWL_ARDEV_y1979_Lbin18",NA,NA,-0.0371923
"CA_TWL_ARDEV_y1979_Lbin19",NA,NA,-0.0673829
"CA_TWL_ARDEV_y1979_Lbin20",NA,NA,-0.112306
"CA_TWL_ARDEV_y1979_Lbin21",NA,NA,-0.183289
"CA_TWL_ARDEV_y1979_Lbin22",NA,NA,-0.151425
"CA_TWL_ARDEV_y1979_Lbin23",NA,NA,-0.212384
"CA_TWL_ARDEV_y1979_Lbin24",NA,NA,-0.283158
"CA_TWL_ARDEV_y1979_Lbin25",NA,NA,-0.342599
"CA_TWL_ARDEV_y1979_Lbin26",NA,NA,-0.292625
"CA_TWL_ARDEV_y1979_Lbin27",NA,NA,-0.307879
"CA_TWL_ARDEV_y1979_Lbin28",NA,NA,-0.184888
"CA_TWL_ARDEV_y1979_Lbin29",NA,NA,-0.188077
"CA_TWL_ARDEV_y1979_Lbin30",NA,NA,-0.0905274
"CA_TWL_ARDEV_y1979_Lbin31",NA,NA,-0.170024
"CA_TWL_ARDEV_y1979_Lbin32",NA,NA,-0.0496893
"CA_TWL_ARDEV_y1979_Lbin33",NA,NA,-0.166845
"CA_TWL_ARDEV_y1979_Lbin34",NA,NA,0.146805
"CA_TWL_ARDEV_y1979_Lbin35",NA,NA,0.186325
"CA_TWL_ARDEV_y1979_Lbin36",NA,NA,-0.0670778
"CA_TWL_ARDEV_y1979_Lbin37",NA,NA,-0.0552373
"CA_TWL_ARDEV_y1979_Lbin38",NA,NA,0.752532
"CA_TWL_ARDEV_y1980_Lbin10",NA,NA,-0.00149612
"CA_TWL_ARDEV_y1980_Lbin11",NA,NA,-0.00156742
"CA_TWL_ARDEV_y1980_Lbin12",NA,NA,-0.00152434
"CA_TWL_ARDEV_y1980_Lbin13",NA,NA,-0.00179408
"CA_TWL_ARDEV_y1980_Lbin14",NA,NA,-0.000770715
"CA_TWL_ARDEV_y1980_Lbin15",NA,NA,-0.00120461
"CA_TWL_ARDEV_y1980_Lbin16",NA,NA,-0.00804717
"CA_TWL_ARDEV_y1980_Lbin17",NA,NA,-0.0136032
"CA_TWL_ARDEV_y1980_Lbin18",NA,NA,-0.00671583
"CA_TWL_ARDEV_y1980_Lbin19",NA,NA,-0.0115247
"CA_TWL_ARDEV_y1980_Lbin20",NA,NA,-0.0442703
"CA_TWL_ARDEV_y1980_Lbin21",NA,NA,-0.0771056
"CA_TWL_ARDEV_y1980_Lbin22",NA,NA,-0.147677
"CA_TWL_ARDEV_y1980_Lbin23",NA,NA,-0.223449
"CA_TWL_ARDEV_y1980_Lbin24",NA,NA,-0.245004
"CA_TWL_ARDEV_y1980_Lbin25",NA,NA,-0.326719
"CA_TWL_ARDEV_y1980_Lbin26",NA,NA,-0.155195
"CA_TWL_ARDEV_y1980_Lbin27",NA,NA,-0.192371
"CA_TWL_ARDEV_y1980_Lbin28",NA,NA,-0.0629345
"CA_TWL_ARDEV_y1980_Lbin29",NA,NA,-0.104421
"CA_TWL_ARDEV_y1980_Lbin30",NA,NA,-0.10233
"CA_TWL_ARDEV_y1980_Lbin31",NA,NA,-0.12018
"CA_TWL_ARDEV_y1980_Lbin32",NA,NA,0.180441
"CA_TWL_ARDEV_y1980_Lbin33",NA,NA,0.170872
"CA_TWL_ARDEV_y1980_Lbin34",NA,NA,0.0728743
"CA_TWL_ARDEV_y1980_Lbin35",NA,NA,0.0897737
"CA_TWL_ARDEV_y1980_Lbin36",NA,NA,0.188241
"CA_TWL_ARDEV_y1980_Lbin37",NA,NA,0.192213
"CA_TWL_ARDEV_y1980_Lbin38",NA,NA,0.143889
"CA_TWL_ARDEV_y1981_Lbin10",NA,NA,-0.000526072
"CA_TWL_ARDEV_y1981_Lbin11",NA,NA,-0.00080935
"CA_TWL_ARDEV_y1981_Lbin12",NA,NA,-0.00149219
"CA_TWL_ARDEV_y1981_Lbin13",NA,NA,-0.00302183
"CA_TWL_ARDEV_y1981_Lbin14",NA,NA,-0.00578583
"CA_TWL_ARDEV_y1981_Lbin15",NA,NA,-0.00964513
"CA_TWL_ARDEV_y1981_Lbin16",NA,NA,-0.0139699
"CA_TWL_ARDEV_y1981_Lbin17",NA,NA,-0.0182448
"CA_TWL_ARDEV_y1981_Lbin18",NA,NA,-0.0232655
"CA_TWL_ARDEV_y1981_Lbin19",NA,NA,-0.0317514
"CA_TWL_ARDEV_y1981_Lbin20",NA,NA,-0.0423621
"CA_TWL_ARDEV_y1981_Lbin21",NA,NA,-0.068707
"CA_TWL_ARDEV_y1981_Lbin22",NA,NA,-0.0986942
"CA_TWL_ARDEV_y1981_Lbin23",NA,NA,-0.154003
"CA_TWL_ARDEV_y1981_Lbin24",NA,NA,-0.0906137
"CA_TWL_ARDEV_y1981_Lbin25",NA,NA,-0.129088
"CA_TWL_ARDEV_y1981_Lbin26",NA,NA,-0.0401287
"CA_TWL_ARDEV_y1981_Lbin27",NA,NA,-0.0735167
"CA_TWL_ARDEV_y1981_Lbin28",NA,NA,-0.0612083
"CA_TWL_ARDEV_y1981_Lbin29",NA,NA,-0.142203
"CA_TWL_ARDEV_y1981_Lbin30",NA,NA,-0.135723
"CA_TWL_ARDEV_y1981_Lbin31",NA,NA,-0.0728165
"CA_TWL_ARDEV_y1981_Lbin32",NA,NA,0.235405
"CA_TWL_ARDEV_y1981_Lbin33",NA,NA,0.305915
"CA_TWL_ARDEV_y1981_Lbin34",NA,NA,0.00361359
"CA_TWL_ARDEV_y1981_Lbin35",NA,NA,0.025191
"CA_TWL_ARDEV_y1981_Lbin36",NA,NA,0.0976901
"CA_TWL_ARDEV_y1981_Lbin37",NA,NA,0.113485
"CA_TWL_ARDEV_y1981_Lbin38",NA,NA,-0.0541735
"CA_TWL_ARDEV_y1982_Lbin10",NA,NA,-0.000533237
"CA_TWL_ARDEV_y1982_Lbin11",NA,NA,-0.000771594
"CA_TWL_ARDEV_y1982_Lbin12",NA,NA,-0.00137361
"CA_TWL_ARDEV_y1982_Lbin13",NA,NA,-0.00284118
"CA_TWL_ARDEV_y1982_Lbin14",NA,NA,-0.0059284
"CA_TWL_ARDEV_y1982_Lbin15",NA,NA,-0.0114328
"CA_TWL_ARDEV_y1982_Lbin16",NA,NA,-0.0129979
"CA_TWL_ARDEV_y1982_Lbin17",NA,NA,-0.022753
"CA_TWL_ARDEV_y1982_Lbin18",NA,NA,-0.0583821
"CA_TWL_ARDEV_y1982_Lbin19",NA,NA,-0.0934338
"CA_TWL_ARDEV_y1982_Lbin20",NA,NA,-0.114908
"CA_TWL_ARDEV_y1982_Lbin21",NA,NA,-0.16066
"CA_TWL_ARDEV_y1982_Lbin22",NA,NA,-0.182038
"CA_TWL_ARDEV_y1982_Lbin23",NA,NA,-0.237298
"CA_TWL_ARDEV_y1982_Lbin24",NA,NA,-0.180167
"CA_TWL_ARDEV_y1982_Lbin25",NA,NA,-0.230185
"CA_TWL_ARDEV_y1982_Lbin26",NA,NA,-0.125621
"CA_TWL_ARDEV_y1982_Lbin27",NA,NA,-0.154196
"CA_TWL_ARDEV_y1982_Lbin28",NA,NA,-0.243235
"CA_TWL_ARDEV_y1982_Lbin29",NA,NA,-0.298145
"CA_TWL_ARDEV_y1982_Lbin30",NA,NA,-0.219365
"CA_TWL_ARDEV_y1982_Lbin31",NA,NA,-0.159738
"CA_TWL_ARDEV_y1982_Lbin32",NA,NA,-0.146208
"CA_TWL_ARDEV_y1982_Lbin33",NA,NA,-0.0936421
"CA_TWL_ARDEV_y1982_Lbin34",NA,NA,0.152652
"CA_TWL_ARDEV_y1982_Lbin35",NA,NA,0.18435
"CA_TWL_ARDEV_y1982_Lbin36",NA,NA,0.487063
"CA_TWL_ARDEV_y1982_Lbin37",NA,NA,0.478409
"CA_TWL_ARDEV_y1982_Lbin38",NA,NA,0.648564
"CA_TWL_ARDEV_y1983_Lbin10",NA,NA,-0.000431502
"CA_TWL_ARDEV_y1983_Lbin11",NA,NA,-0.000616845
"CA_TWL_ARDEV_y1983_Lbin12",NA,NA,-0.00108966
"CA_TWL_ARDEV_y1983_Lbin13",NA,NA,-0.00223481
"CA_TWL_ARDEV_y1983_Lbin14",NA,NA,-0.00468083
"CA_TWL_ARDEV_y1983_Lbin15",NA,NA,-0.00911464
"CA_TWL_ARDEV_y1983_Lbin16",NA,NA,-0.0166559
"CA_TWL_ARDEV_y1983_Lbin17",NA,NA,-0.0303541
"CA_TWL_ARDEV_y1983_Lbin18",NA,NA,-0.0540025
"CA_TWL_ARDEV_y1983_Lbin19",NA,NA,-0.0957212
"CA_TWL_ARDEV_y1983_Lbin20",NA,NA,-0.153045
"CA_TWL_ARDEV_y1983_Lbin21",NA,NA,-0.239796
"CA_TWL_ARDEV_y1983_Lbin22",NA,NA,-0.239405
"CA_TWL_ARDEV_y1983_Lbin23",NA,NA,-0.332731
"CA_TWL_ARDEV_y1983_Lbin24",NA,NA,-0.281232
"CA_TWL_ARDEV_y1983_Lbin25",NA,NA,-0.341502
"CA_TWL_ARDEV_y1983_Lbin26",NA,NA,-0.385043
"CA_TWL_ARDEV_y1983_Lbin27",NA,NA,-0.410937
"CA_TWL_ARDEV_y1983_Lbin28",NA,NA,-0.389095
"CA_TWL_ARDEV_y1983_Lbin29",NA,NA,-0.383052
"CA_TWL_ARDEV_y1983_Lbin30",NA,NA,-0.449397
"CA_TWL_ARDEV_y1983_Lbin31",NA,NA,-0.417182
"CA_TWL_ARDEV_y1983_Lbin32",NA,NA,-0.284975
"CA_TWL_ARDEV_y1983_Lbin33",NA,NA,-0.257693
"CA_TWL_ARDEV_y1983_Lbin34",NA,NA,0.267335
"CA_TWL_ARDEV_y1983_Lbin35",NA,NA,0.330647
"CA_TWL_ARDEV_y1983_Lbin36",NA,NA,0.602392
"CA_TWL_ARDEV_y1983_Lbin37",NA,NA,0.567921
"CA_TWL_ARDEV_y1983_Lbin38",NA,NA,0.604754
"CA_TWL_ARDEV_y1984_Lbin10",NA,NA,-0.00071959
"CA_TWL_ARDEV_y1984_Lbin11",NA,NA,-0.000853569
"CA_TWL_ARDEV_y1984_Lbin12",NA,NA,-0.00113281
"CA_TWL_ARDEV_y1984_Lbin13",NA,NA,-0.00190929
"CA_TWL_ARDEV_y1984_Lbin14",NA,NA,-0.00375791
"CA_TWL_ARDEV_y1984_Lbin15",NA,NA,-0.00720974
"CA_TWL_ARDEV_y1984_Lbin16",NA,NA,-0.0130096
"CA_TWL_ARDEV_y1984_Lbin17",NA,NA,-0.0242956
"CA_TWL_ARDEV_y1984_Lbin18",NA,NA,-0.0452442
"CA_TWL_ARDEV_y1984_Lbin19",NA,NA,-0.0837605
"CA_TWL_ARDEV_y1984_Lbin20",NA,NA,-0.0924341
"CA_TWL_ARDEV_y1984_Lbin21",NA,NA,-0.157162
"CA_TWL_ARDEV_y1984_Lbin22",NA,NA,-0.0328972
"CA_TWL_ARDEV_y1984_Lbin23",NA,NA,-0.0695175
"CA_TWL_ARDEV_y1984_Lbin24",NA,NA,-0.206184
"CA_TWL_ARDEV_y1984_Lbin25",NA,NA,-0.284241
"CA_TWL_ARDEV_y1984_Lbin26",NA,NA,-0.0207468
"CA_TWL_ARDEV_y1984_Lbin27",NA,NA,-0.0241958
"CA_TWL_ARDEV_y1984_Lbin28",NA,NA,-0.00957056
"CA_TWL_ARDEV_y1984_Lbin29",NA,NA,0.0626938
"CA_TWL_ARDEV_y1984_Lbin30",NA,NA,0.359363
"CA_TWL_ARDEV_y1984_Lbin31",NA,NA,0.759911
"CA_TWL_ARDEV_y1984_Lbin32",NA,NA,-0.0860242
"CA_TWL_ARDEV_y1984_Lbin33",NA,NA,-0.0076286
"CA_TWL_ARDEV_y1984_Lbin34",NA,NA,0.186729
"CA_TWL_ARDEV_y1984_Lbin35",NA,NA,0.294859
"CA_TWL_ARDEV_y1984_Lbin36",NA,NA,0.0706414
"CA_TWL_ARDEV_y1984_Lbin37",NA,NA,0.0642658
"CA_TWL_ARDEV_y1984_Lbin38",NA,NA,0.03594
"CA_TWL_ARDEV_y1985_Lbin10",NA,NA,-0.018201
"CA_TWL_ARDEV_y1985_Lbin11",NA,NA,-0.0178971
"CA_TWL_ARDEV_y1985_Lbin12",NA,NA,-0.0142175
"CA_TWL_ARDEV_y1985_Lbin13",NA,NA,-0.0106017
"CA_TWL_ARDEV_y1985_Lbin14",NA,NA,-0.00954123
"CA_TWL_ARDEV_y1985_Lbin15",NA,NA,-0.0117957
"CA_TWL_ARDEV_y1985_Lbin16",NA,NA,0.0051851
"CA_TWL_ARDEV_y1985_Lbin17",NA,NA,0.00502846
"CA_TWL_ARDEV_y1985_Lbin18",NA,NA,-0.0366117
"CA_TWL_ARDEV_y1985_Lbin19",NA,NA,-0.0655152
"CA_TWL_ARDEV_y1985_Lbin20",NA,NA,-0.0805302
"CA_TWL_ARDEV_y1985_Lbin21",NA,NA,-0.142128
"CA_TWL_ARDEV_y1985_Lbin22",NA,NA,-0.00905988
"CA_TWL_ARDEV_y1985_Lbin23",NA,NA,-0.0205528
"CA_TWL_ARDEV_y1985_Lbin24",NA,NA,0.119565
"CA_TWL_ARDEV_y1985_Lbin25",NA,NA,0.166022
"CA_TWL_ARDEV_y1985_Lbin26",NA,NA,0.121582
"CA_TWL_ARDEV_y1985_Lbin27",NA,NA,0.102048
"CA_TWL_ARDEV_y1985_Lbin28",NA,NA,0.226579
"CA_TWL_ARDEV_y1985_Lbin29",NA,NA,0.071395
"CA_TWL_ARDEV_y1985_Lbin30",NA,NA,0.0700837
"CA_TWL_ARDEV_y1985_Lbin31",NA,NA,0.108999
"CA_TWL_ARDEV_y1985_Lbin32",NA,NA,0.224699
"CA_TWL_ARDEV_y1985_Lbin33",NA,NA,0.368888
"CA_TWL_ARDEV_y1985_Lbin34",NA,NA,-0.00459006
"CA_TWL_ARDEV_y1985_Lbin35",NA,NA,-0.0590975
"CA_TWL_ARDEV_y1985_Lbin36",NA,NA,-0.097414
"CA_TWL_ARDEV_y1985_Lbin37",NA,NA,-0.0852449
"CA_TWL_ARDEV_y1985_Lbin38",NA,NA,0.0695962
"CA_TWL_ARDEV_y1986_Lbin10",NA,NA,-0.0025467
"CA_TWL_ARDEV_y1986_Lbin11",NA,NA,-0.00645924
"CA_TWL_ARDEV_y1986_Lbin12",NA,NA,-0.0150552
"CA_TWL_ARDEV_y1986_Lbin13",NA,NA,-0.033723
"CA_TWL_ARDEV_y1986_Lbin14",NA,NA,-0.0694605
"CA_TWL_ARDEV_y1986_Lbin15",NA,NA,-0.109307
"CA_TWL_ARDEV_y1986_Lbin16",NA,NA,-0.130186
"CA_TWL_ARDEV_y1986_Lbin17",NA,NA,-0.147229
"CA_TWL_ARDEV_y1986_Lbin18",NA,NA,-0.120141
"CA_TWL_ARDEV_y1986_Lbin19",NA,NA,-0.108947
"CA_TWL_ARDEV_y1986_Lbin20",NA,NA,-0.0330078
"CA_TWL_ARDEV_y1986_Lbin21",NA,NA,-0.0458502
"CA_TWL_ARDEV_y1986_Lbin22",NA,NA,-0.0293077
"CA_TWL_ARDEV_y1986_Lbin23",NA,NA,-0.0571666
"CA_TWL_ARDEV_y1986_Lbin24",NA,NA,0.231121
"CA_TWL_ARDEV_y1986_Lbin25",NA,NA,0.395825
"CA_TWL_ARDEV_y1986_Lbin26",NA,NA,0.0422719
"CA_TWL_ARDEV_y1986_Lbin27",NA,NA,0.0544187
"CA_TWL_ARDEV_y1986_Lbin28",NA,NA,-0.164751
"CA_TWL_ARDEV_y1986_Lbin29",NA,NA,-0.112388
"CA_TWL_ARDEV_y1986_Lbin30",NA,NA,-0.186947
"CA_TWL_ARDEV_y1986_Lbin31",NA,NA,-0.110061
"CA_TWL_ARDEV_y1986_Lbin32",NA,NA,0.00122039
"CA_TWL_ARDEV_y1986_Lbin33",NA,NA,0.0238644
"CA_TWL_ARDEV_y1986_Lbin34",NA,NA,-0.0372654
"CA_TWL_ARDEV_y1986_Lbin35",NA,NA,-0.0558207
"CA_TWL_ARDEV_y1986_Lbin36",NA,NA,-0.158635
"CA_TWL_ARDEV_y1986_Lbin37",NA,NA,-0.142818
"CA_TWL_ARDEV_y1986_Lbin38",NA,NA,0.0441246
"CA_TWL_ARDEV_y1987_Lbin10",NA,NA,-0.000152783
"CA_TWL_ARDEV_y1987_Lbin11",NA,NA,-0.000773528
"CA_TWL_ARDEV_y1987_Lbin12",NA,NA,-0.00365821
"CA_TWL_ARDEV_y1987_Lbin13",NA,NA,-0.00596376
"CA_TWL_ARDEV_y1987_Lbin14",NA,NA,-0.011982
"CA_TWL_ARDEV_y1987_Lbin15",NA,NA,-0.0273409
"CA_TWL_ARDEV_y1987_Lbin16",NA,NA,-0.0654648
"CA_TWL_ARDEV_y1987_Lbin17",NA,NA,-0.128183
"CA_TWL_ARDEV_y1987_Lbin18",NA,NA,-0.190224
"CA_TWL_ARDEV_y1987_Lbin19",NA,NA,-0.291025
"CA_TWL_ARDEV_y1987_Lbin20",NA,NA,0.0643709
"CA_TWL_ARDEV_y1987_Lbin21",NA,NA,0.0718393
"CA_TWL_ARDEV_y1987_Lbin22",NA,NA,0.518261
"CA_TWL_ARDEV_y1987_Lbin23",NA,NA,0.987974
"CA_TWL_ARDEV_y1987_Lbin24",NA,NA,1.36734
"CA_TWL_ARDEV_y1987_Lbin25",NA,NA,0.174807
"CA_TWL_ARDEV_y1987_Lbin26",NA,NA,0.585878
"CA_TWL_ARDEV_y1987_Lbin27",NA,NA,0.415228
"CA_TWL_ARDEV_y1987_Lbin28",NA,NA,0.0127284
"CA_TWL_ARDEV_y1987_Lbin29",NA,NA,0.0729136
"CA_TWL_ARDEV_y1987_Lbin30",NA,NA,-0.192054
"CA_TWL_ARDEV_y1987_Lbin31",NA,NA,-0.137222
"CA_TWL_ARDEV_y1987_Lbin32",NA,NA,-0.142993
"CA_TWL_ARDEV_y1987_Lbin33",NA,NA,-0.113842
"CA_TWL_ARDEV_y1987_Lbin34",NA,NA,-0.135625
"CA_TWL_ARDEV_y1987_Lbin35",NA,NA,-0.101261
"CA_TWL_ARDEV_y1987_Lbin36",NA,NA,-0.134558
"CA_TWL_ARDEV_y1987_Lbin37",NA,NA,-0.10252
"CA_TWL_ARDEV_y1987_Lbin38",NA,NA,-0.33509
"CA_TWL_ARDEV_y1988_Lbin10",NA,NA,-0.00252432
"CA_TWL_ARDEV_y1988_Lbin11",NA,NA,-0.00320591
"CA_TWL_ARDEV_y1988_Lbin12",NA,NA,-0.00466159
"CA_TWL_ARDEV_y1988_Lbin13",NA,NA,-0.0083044
"CA_TWL_ARDEV_y1988_Lbin14",NA,NA,-0.0155385
"CA_TWL_ARDEV_y1988_Lbin15",NA,NA,-0.0268644
"CA_TWL_ARDEV_y1988_Lbin16",NA,NA,-0.0425234
"CA_TWL_ARDEV_y1988_Lbin17",NA,NA,-0.0661509
"CA_TWL_ARDEV_y1988_Lbin18",NA,NA,-0.105983
"CA_TWL_ARDEV_y1988_Lbin19",NA,NA,-0.178147
"CA_TWL_ARDEV_y1988_Lbin20",NA,NA,0.208017
"CA_TWL_ARDEV_y1988_Lbin21",NA,NA,0.33961
"CA_TWL_ARDEV_y1988_Lbin22",NA,NA,0.469216
"CA_TWL_ARDEV_y1988_Lbin23",NA,NA,0.477489
"CA_TWL_ARDEV_y1988_Lbin24",NA,NA,0.184688
"CA_TWL_ARDEV_y1988_Lbin25",NA,NA,0.175225
"CA_TWL_ARDEV_y1988_Lbin26",NA,NA,0.0710771
"CA_TWL_ARDEV_y1988_Lbin27",NA,NA,0.0503876
"CA_TWL_ARDEV_y1988_Lbin28",NA,NA,0.22037
"CA_TWL_ARDEV_y1988_Lbin29",NA,NA,0.07024
"CA_TWL_ARDEV_y1988_Lbin30",NA,NA,0.328823
"CA_TWL_ARDEV_y1988_Lbin31",NA,NA,0.323299
"CA_TWL_ARDEV_y1988_Lbin32",NA,NA,-0.351142
"CA_TWL_ARDEV_y1988_Lbin33",NA,NA,-0.318828
"CA_TWL_ARDEV_y1988_Lbin34",NA,NA,-0.177837
"CA_TWL_ARDEV_y1988_Lbin35",NA,NA,-0.155122
"CA_TWL_ARDEV_y1988_Lbin36",NA,NA,-0.00548573
"CA_TWL_ARDEV_y1988_Lbin37",NA,NA,0.0283741
"CA_TWL_ARDEV_y1988_Lbin38",NA,NA,-0.192722
"CA_TWL_ARDEV_y1989_Lbin10",NA,NA,-0.00150938
"CA_TWL_ARDEV_y1989_Lbin11",NA,NA,-0.00197271
"CA_TWL_ARDEV_y1989_Lbin12",NA,NA,-0.00388748
"CA_TWL_ARDEV_y1989_Lbin13",NA,NA,-0.00624798
"CA_TWL_ARDEV_y1989_Lbin14",NA,NA,-0.0114011
"CA_TWL_ARDEV_y1989_Lbin15",NA,NA,-0.0200359
"CA_TWL_ARDEV_y1989_Lbin16",NA,NA,-0.0222749
"CA_TWL_ARDEV_y1989_Lbin17",NA,NA,-0.0345544
"CA_TWL_ARDEV_y1989_Lbin18",NA,NA,0.00358237
"CA_TWL_ARDEV_y1989_Lbin19",NA,NA,0.00807944
"CA_TWL_ARDEV_y1989_Lbin20",NA,NA,-0.0586843
"CA_TWL_ARDEV_y1989_Lbin21",NA,NA,-0.0906354
"CA_TWL_ARDEV_y1989_Lbin22",NA,NA,0.0211257
"CA_TWL_ARDEV_y1989_Lbin23",NA,NA,0.0210041
"CA_TWL_ARDEV_y1989_Lbin24",NA,NA,0.413623
"CA_TWL_ARDEV_y1989_Lbin25",NA,NA,0.229806
"CA_TWL_ARDEV_y1989_Lbin26",NA,NA,0.133784
"CA_TWL_ARDEV_y1989_Lbin27",NA,NA,-0.00772482
"CA_TWL_ARDEV_y1989_Lbin28",NA,NA,-0.0589155
"CA_TWL_ARDEV_y1989_Lbin29",NA,NA,-0.0733601
"CA_TWL_ARDEV_y1989_Lbin30",NA,NA,0.383253
"CA_TWL_ARDEV_y1989_Lbin31",NA,NA,0.250184
"CA_TWL_ARDEV_y1989_Lbin32",NA,NA,0.992899
"CA_TWL_ARDEV_y1989_Lbin33",NA,NA,0.448186
"CA_TWL_ARDEV_y1989_Lbin34",NA,NA,-0.130994
"CA_TWL_ARDEV_y1989_Lbin35",NA,NA,-0.138691
"CA_TWL_ARDEV_y1989_Lbin36",NA,NA,-0.266284
"CA_TWL_ARDEV_y1989_Lbin37",NA,NA,-0.274036
"CA_TWL_ARDEV_y1989_Lbin38",NA,NA,-0.287907
"CA_TWL_ARDEV_y1990_Lbin10",NA,NA,-0.00341405
"CA_TWL_ARDEV_y1990_Lbin11",NA,NA,-0.00419571
"CA_TWL_ARDEV_y1990_Lbin12",NA,NA,-0.00601725
"CA_TWL_ARDEV_y1990_Lbin13",NA,NA,-0.0101785
"CA_TWL_ARDEV_y1990_Lbin14",NA,NA,-0.0178445
"CA_TWL_ARDEV_y1990_Lbin15",NA,NA,-0.0303386
"CA_TWL_ARDEV_y1990_Lbin16",NA,NA,-0.0489252
"CA_TWL_ARDEV_y1990_Lbin17",NA,NA,-0.0716371
"CA_TWL_ARDEV_y1990_Lbin18",NA,NA,-0.032921
"CA_TWL_ARDEV_y1990_Lbin19",NA,NA,-0.0530623
"CA_TWL_ARDEV_y1990_Lbin20",NA,NA,0.0776271
"CA_TWL_ARDEV_y1990_Lbin21",NA,NA,0.137223
"CA_TWL_ARDEV_y1990_Lbin22",NA,NA,0.235384
"CA_TWL_ARDEV_y1990_Lbin23",NA,NA,0.415112
"CA_TWL_ARDEV_y1990_Lbin24",NA,NA,0.18273
"CA_TWL_ARDEV_y1990_Lbin25",NA,NA,0.24578
"CA_TWL_ARDEV_y1990_Lbin26",NA,NA,0.138682
"CA_TWL_ARDEV_y1990_Lbin27",NA,NA,0.0234104
"CA_TWL_ARDEV_y1990_Lbin28",NA,NA,-0.382547
"CA_TWL_ARDEV_y1990_Lbin29",NA,NA,-0.409149
"CA_TWL_ARDEV_y1990_Lbin30",NA,NA,-0.0718944
"CA_TWL_ARDEV_y1990_Lbin31",NA,NA,-0.191441
"CA_TWL_ARDEV_y1990_Lbin32",NA,NA,0.361954
"CA_TWL_ARDEV_y1990_Lbin33",NA,NA,0.325751
"CA_TWL_ARDEV_y1990_Lbin34",NA,NA,0.478789
"CA_TWL_ARDEV_y1990_Lbin35",NA,NA,0.227173
"CA_TWL_ARDEV_y1990_Lbin36",NA,NA,0.00795881
"CA_TWL_ARDEV_y1990_Lbin37",NA,NA,-0.0324434
"CA_TWL_ARDEV_y1990_Lbin38",NA,NA,-0.0137152
"CA_TWL_ARDEV_y1991_Lbin10",NA,NA,0.000444532
"CA_TWL_ARDEV_y1991_Lbin11",NA,NA,0.000140128
"CA_TWL_ARDEV_y1991_Lbin12",NA,NA,-0.00541353
"CA_TWL_ARDEV_y1991_Lbin13",NA,NA,-0.010642
"CA_TWL_ARDEV_y1991_Lbin14",NA,NA,-0.0124195
"CA_TWL_ARDEV_y1991_Lbin15",NA,NA,-0.0216773
"CA_TWL_ARDEV_y1991_Lbin16",NA,NA,-0.041945
"CA_TWL_ARDEV_y1991_Lbin17",NA,NA,-0.06317
"CA_TWL_ARDEV_y1991_Lbin18",NA,NA,0.0249519
"CA_TWL_ARDEV_y1991_Lbin19",NA,NA,0.0409895
"CA_TWL_ARDEV_y1991_Lbin20",NA,NA,0.0653725
"CA_TWL_ARDEV_y1991_Lbin21",NA,NA,0.101055
"CA_TWL_ARDEV_y1991_Lbin22",NA,NA,0.297989
"CA_TWL_ARDEV_y1991_Lbin23",NA,NA,0.568044
"CA_TWL_ARDEV_y1991_Lbin24",NA,NA,0.323533
"CA_TWL_ARDEV_y1991_Lbin25",NA,NA,0.462332
"CA_TWL_ARDEV_y1991_Lbin26",NA,NA,0.359403
"CA_TWL_ARDEV_y1991_Lbin27",NA,NA,0.39406
"CA_TWL_ARDEV_y1991_Lbin28",NA,NA,-0.0794838
"CA_TWL_ARDEV_y1991_Lbin29",NA,NA,-0.0487968
"CA_TWL_ARDEV_y1991_Lbin30",NA,NA,-0.219502
"CA_TWL_ARDEV_y1991_Lbin31",NA,NA,-0.174149
"CA_TWL_ARDEV_y1991_Lbin32",NA,NA,-0.155459
"CA_TWL_ARDEV_y1991_Lbin33",NA,NA,-0.119885
"CA_TWL_ARDEV_y1991_Lbin34",NA,NA,0.0639053
"CA_TWL_ARDEV_y1991_Lbin35",NA,NA,-0.00371951
"CA_TWL_ARDEV_y1991_Lbin36",NA,NA,-0.13053
"CA_TWL_ARDEV_y1991_Lbin37",NA,NA,-0.169092
"CA_TWL_ARDEV_y1991_Lbin38",NA,NA,-0.152363
"CA_TWL_ARDEV_y1992_Lbin10",NA,NA,-0.0020812
"CA_TWL_ARDEV_y1992_Lbin11",NA,NA,-0.00238639
"CA_TWL_ARDEV_y1992_Lbin12",NA,NA,-0.002904
"CA_TWL_ARDEV_y1992_Lbin13",NA,NA,-0.00456366
"CA_TWL_ARDEV_y1992_Lbin14",NA,NA,-0.00836355
"CA_TWL_ARDEV_y1992_Lbin15",NA,NA,-0.0153748
"CA_TWL_ARDEV_y1992_Lbin16",NA,NA,-0.0262883
"CA_TWL_ARDEV_y1992_Lbin17",NA,NA,-0.0447893
"CA_TWL_ARDEV_y1992_Lbin18",NA,NA,-0.0211907
"CA_TWL_ARDEV_y1992_Lbin19",NA,NA,-0.0353391
"CA_TWL_ARDEV_y1992_Lbin20",NA,NA,0.137016
"CA_TWL_ARDEV_y1992_Lbin21",NA,NA,0.238531
"CA_TWL_ARDEV_y1992_Lbin22",NA,NA,0.155857
"CA_TWL_ARDEV_y1992_Lbin23",NA,NA,0.229868
"CA_TWL_ARDEV_y1992_Lbin24",NA,NA,0.167442
"CA_TWL_ARDEV_y1992_Lbin25",NA,NA,0.207768
"CA_TWL_ARDEV_y1992_Lbin26",NA,NA,0.0291627
"CA_TWL_ARDEV_y1992_Lbin27",NA,NA,0.0351606
"CA_TWL_ARDEV_y1992_Lbin28",NA,NA,-0.143756
"CA_TWL_ARDEV_y1992_Lbin29",NA,NA,-0.111302
"CA_TWL_ARDEV_y1992_Lbin30",NA,NA,-0.341434
"CA_TWL_ARDEV_y1992_Lbin31",NA,NA,-0.276821
"CA_TWL_ARDEV_y1992_Lbin32",NA,NA,-0.136087
"CA_TWL_ARDEV_y1992_Lbin33",NA,NA,-0.0936056
"CA_TWL_ARDEV_y1992_Lbin34",NA,NA,-0.0460263
"CA_TWL_ARDEV_y1992_Lbin35",NA,NA,-0.0563128
"CA_TWL_ARDEV_y1992_Lbin36",NA,NA,0.105894
"CA_TWL_ARDEV_y1992_Lbin37",NA,NA,0.035122
"CA_TWL_ARDEV_y1992_Lbin38",NA,NA,0.0382335
"CA_TWL_ARDEV_y1993_Lbin10",NA,NA,-0.00087967
"CA_TWL_ARDEV_y1993_Lbin11",NA,NA,-0.0014347
"CA_TWL_ARDEV_y1993_Lbin12",NA,NA,-0.00202825
"CA_TWL_ARDEV_y1993_Lbin13",NA,NA,-0.00408601
"CA_TWL_ARDEV_y1993_Lbin14",NA,NA,-0.010848
"CA_TWL_ARDEV_y1993_Lbin15",NA,NA,-0.0188303
"CA_TWL_ARDEV_y1993_Lbin16",NA,NA,-0.0075854
"CA_TWL_ARDEV_y1993_Lbin17",NA,NA,-0.0101205
"CA_TWL_ARDEV_y1993_Lbin18",NA,NA,0.0754192
"CA_TWL_ARDEV_y1993_Lbin19",NA,NA,0.124972
"CA_TWL_ARDEV_y1993_Lbin20",NA,NA,0.273946
"CA_TWL_ARDEV_y1993_Lbin21",NA,NA,0.648902
"CA_TWL_ARDEV_y1993_Lbin22",NA,NA,0.346826
"CA_TWL_ARDEV_y1993_Lbin23",NA,NA,0.908084
"CA_TWL_ARDEV_y1993_Lbin24",NA,NA,0.373061
"CA_TWL_ARDEV_y1993_Lbin25",NA,NA,0.679859
"CA_TWL_ARDEV_y1993_Lbin26",NA,NA,-0.127776
"CA_TWL_ARDEV_y1993_Lbin27",NA,NA,-0.125352
"CA_TWL_ARDEV_y1993_Lbin28",NA,NA,-0.317948
"CA_TWL_ARDEV_y1993_Lbin29",NA,NA,-0.230154
"CA_TWL_ARDEV_y1993_Lbin30",NA,NA,-0.248872
"CA_TWL_ARDEV_y1993_Lbin31",NA,NA,-0.114873
"CA_TWL_ARDEV_y1993_Lbin32",NA,NA,-0.258257
"CA_TWL_ARDEV_y1993_Lbin33",NA,NA,-0.18597
"CA_TWL_ARDEV_y1993_Lbin34",NA,NA,-0.1868
"CA_TWL_ARDEV_y1993_Lbin35",NA,NA,-0.158632
"CA_TWL_ARDEV_y1993_Lbin36",NA,NA,-0.137226
"CA_TWL_ARDEV_y1993_Lbin37",NA,NA,-0.126043
"CA_TWL_ARDEV_y1993_Lbin38",NA,NA,-0.200739
"CA_TWL_ARDEV_y1994_Lbin10",NA,NA,-0.00129862
"CA_TWL_ARDEV_y1994_Lbin11",NA,NA,-0.00136508
"CA_TWL_ARDEV_y1994_Lbin12",NA,NA,-0.00265053
"CA_TWL_ARDEV_y1994_Lbin13",NA,NA,-0.00334714
"CA_TWL_ARDEV_y1994_Lbin14",NA,NA,-0.00569819
"CA_TWL_ARDEV_y1994_Lbin15",NA,NA,-0.0107114
"CA_TWL_ARDEV_y1994_Lbin16",NA,NA,-0.0186193
"CA_TWL_ARDEV_y1994_Lbin17",NA,NA,-0.03413
"CA_TWL_ARDEV_y1994_Lbin18",NA,NA,-0.0258024
"CA_TWL_ARDEV_y1994_Lbin19",NA,NA,-0.0447352
"CA_TWL_ARDEV_y1994_Lbin20",NA,NA,0.188888
"CA_TWL_ARDEV_y1994_Lbin21",NA,NA,0.364586
"CA_TWL_ARDEV_y1994_Lbin22",NA,NA,0.26248
"CA_TWL_ARDEV_y1994_Lbin23",NA,NA,0.493928
"CA_TWL_ARDEV_y1994_Lbin24",NA,NA,0.169488
"CA_TWL_ARDEV_y1994_Lbin25",NA,NA,0.210246
"CA_TWL_ARDEV_y1994_Lbin26",NA,NA,-0.0813675
"CA_TWL_ARDEV_y1994_Lbin27",NA,NA,-0.119599
"CA_TWL_ARDEV_y1994_Lbin28",NA,NA,-0.212418
"CA_TWL_ARDEV_y1994_Lbin29",NA,NA,-0.203156
"CA_TWL_ARDEV_y1994_Lbin30",NA,NA,-0.110169
"CA_TWL_ARDEV_y1994_Lbin31",NA,NA,0.00847183
"CA_TWL_ARDEV_y1994_Lbin32",NA,NA,-0.186213
"CA_TWL_ARDEV_y1994_Lbin33",NA,NA,-0.123855
"CA_TWL_ARDEV_y1994_Lbin34",NA,NA,-0.0732747
"CA_TWL_ARDEV_y1994_Lbin35",NA,NA,-0.0442066
"CA_TWL_ARDEV_y1994_Lbin36",NA,NA,-0.0572732
"CA_TWL_ARDEV_y1994_Lbin37",NA,NA,-0.053954
"CA_TWL_ARDEV_y1994_Lbin38",NA,NA,0.0214661
"CA_TWL_ARDEV_y1995_Lbin10",NA,NA,0.00628561
"CA_TWL_ARDEV_y1995_Lbin11",NA,NA,0.0110343
"CA_TWL_ARDEV_y1995_Lbin12",NA,NA,-0.00299637
"CA_TWL_ARDEV_y1995_Lbin13",NA,NA,-0.0062138
"CA_TWL_ARDEV_y1995_Lbin14",NA,NA,-0.0119662
"CA_TWL_ARDEV_y1995_Lbin15",NA,NA,-0.020006
"CA_TWL_ARDEV_y1995_Lbin16",NA,NA,-0.0160192
"CA_TWL_ARDEV_y1995_Lbin17",NA,NA,-0.0202497
"CA_TWL_ARDEV_y1995_Lbin18",NA,NA,0.0639159
"CA_TWL_ARDEV_y1995_Lbin19",NA,NA,0.0992192
"CA_TWL_ARDEV_y1995_Lbin20",NA,NA,0.0933637
"CA_TWL_ARDEV_y1995_Lbin21",NA,NA,0.168821
"CA_TWL_ARDEV_y1995_Lbin22",NA,NA,0.2211
"CA_TWL_ARDEV_y1995_Lbin23",NA,NA,0.410092
"CA_TWL_ARDEV_y1995_Lbin24",NA,NA,0.176456
"CA_TWL_ARDEV_y1995_Lbin25",NA,NA,0.23107
"CA_TWL_ARDEV_y1995_Lbin26",NA,NA,0.115004
"CA_TWL_ARDEV_y1995_Lbin27",NA,NA,0.0909975
"CA_TWL_ARDEV_y1995_Lbin28",NA,NA,-0.164328
"CA_TWL_ARDEV_y1995_Lbin29",NA,NA,-0.186738
"CA_TWL_ARDEV_y1995_Lbin30",NA,NA,-0.200697
"CA_TWL_ARDEV_y1995_Lbin31",NA,NA,-0.174254
"CA_TWL_ARDEV_y1995_Lbin32",NA,NA,-0.0585854
"CA_TWL_ARDEV_y1995_Lbin33",NA,NA,-0.0173766
"CA_TWL_ARDEV_y1995_Lbin34",NA,NA,-0.0461287
"CA_TWL_ARDEV_y1995_Lbin35",NA,NA,-0.0260941
"CA_TWL_ARDEV_y1995_Lbin36",NA,NA,-0.0425737
"CA_TWL_ARDEV_y1995_Lbin37",NA,NA,-0.0374731
"CA_TWL_ARDEV_y1995_Lbin38",NA,NA,-0.115424
"CA_TWL_ARDEV_y1996_Lbin10",NA,NA,-0.000165384
"CA_TWL_ARDEV_y1996_Lbin11",NA,NA,-0.000178324
"CA_TWL_ARDEV_y1996_Lbin12",NA,NA,-0.0010399
"CA_TWL_ARDEV_y1996_Lbin13",NA,NA,-0.00166532
"CA_TWL_ARDEV_y1996_Lbin14",NA,NA,-0.0066697
"CA_TWL_ARDEV_y1996_Lbin15",NA,NA,-0.0128944
"CA_TWL_ARDEV_y1996_Lbin16",NA,NA,0.0502348
"CA_TWL_ARDEV_y1996_Lbin17",NA,NA,0.0948077
"CA_TWL_ARDEV_y1996_Lbin18",NA,NA,0.281008
"CA_TWL_ARDEV_y1996_Lbin19",NA,NA,0.794448
"CA_TWL_ARDEV_y1996_Lbin20",NA,NA,0.287686
"CA_TWL_ARDEV_y1996_Lbin21",NA,NA,1.51897
"CA_TWL_ARDEV_y1996_Lbin22",NA,NA,0.392382
"CA_TWL_ARDEV_y1996_Lbin23",NA,NA,1.00918
"CA_TWL_ARDEV_y1996_Lbin24",NA,NA,0.203283
"CA_TWL_ARDEV_y1996_Lbin25",NA,NA,0.285162
"CA_TWL_ARDEV_y1996_Lbin26",NA,NA,-0.0771831
"CA_TWL_ARDEV_y1996_Lbin27",NA,NA,-0.101609
"CA_TWL_ARDEV_y1996_Lbin28",NA,NA,-0.317744
"CA_TWL_ARDEV_y1996_Lbin29",NA,NA,-0.323115
"CA_TWL_ARDEV_y1996_Lbin30",NA,NA,-0.394231
"CA_TWL_ARDEV_y1996_Lbin31",NA,NA,-0.352478
"CA_TWL_ARDEV_y1996_Lbin32",NA,NA,-0.327954
"CA_TWL_ARDEV_y1996_Lbin33",NA,NA,-0.303823
"CA_TWL_ARDEV_y1996_Lbin34",NA,NA,-0.27406
"CA_TWL_ARDEV_y1996_Lbin35",NA,NA,-0.259469
"CA_TWL_ARDEV_y1996_Lbin36",NA,NA,-0.219169
"CA_TWL_ARDEV_y1996_Lbin37",NA,NA,-0.19652
"CA_TWL_ARDEV_y1996_Lbin38",NA,NA,-0.329452
"CA_TWL_ARDEV_y1997_Lbin10",NA,NA,-0.000756343
"CA_TWL_ARDEV_y1997_Lbin11",NA,NA,-0.0011025
"CA_TWL_ARDEV_y1997_Lbin12",NA,NA,-0.00234756
"CA_TWL_ARDEV_y1997_Lbin13",NA,NA,-0.0046777
"CA_TWL_ARDEV_y1997_Lbin14",NA,NA,-0.00958256
"CA_TWL_ARDEV_y1997_Lbin15",NA,NA,-0.016673
"CA_TWL_ARDEV_y1997_Lbin16",NA,NA,0.0113638
"CA_TWL_ARDEV_y1997_Lbin17",NA,NA,0.0202149
"CA_TWL_ARDEV_y1997_Lbin18",NA,NA,0.0126598
"CA_TWL_ARDEV_y1997_Lbin19",NA,NA,0.0217565
"CA_TWL_ARDEV_y1997_Lbin20",NA,NA,0.251762
"CA_TWL_ARDEV_y1997_Lbin21",NA,NA,0.565375
"CA_TWL_ARDEV_y1997_Lbin22",NA,NA,0.34925
"CA_TWL_ARDEV_y1997_Lbin23",NA,NA,1.02635
"CA_TWL_ARDEV_y1997_Lbin24",NA,NA,0.425447
"CA_TWL_ARDEV_y1997_Lbin25",NA,NA,0.704441
"CA_TWL_ARDEV_y1997_Lbin26",NA,NA,0.127904
"CA_TWL_ARDEV_y1997_Lbin27",NA,NA,0.139148
"CA_TWL_ARDEV_y1997_Lbin28",NA,NA,-0.287806
"CA_TWL_ARDEV_y1997_Lbin29",NA,NA,-0.267705
"CA_TWL_ARDEV_y1997_Lbin30",NA,NA,-0.335363
"CA_TWL_ARDEV_y1997_Lbin31",NA,NA,-0.309585
"CA_TWL_ARDEV_y1997_Lbin32",NA,NA,-0.0938688
"CA_TWL_ARDEV_y1997_Lbin33",NA,NA,-0.11006
"CA_TWL_ARDEV_y1997_Lbin34",NA,NA,-0.205033
"CA_TWL_ARDEV_y1997_Lbin35",NA,NA,-0.20261
"CA_TWL_ARDEV_y1997_Lbin36",NA,NA,-0.178566
"CA_TWL_ARDEV_y1997_Lbin37",NA,NA,-0.18204
"CA_TWL_ARDEV_y1997_Lbin38",NA,NA,-0.171369
"CA_TWL_ARDEV_y1998_Lbin10",NA,NA,-0.000936701
"CA_TWL_ARDEV_y1998_Lbin11",NA,NA,-0.00113643
"CA_TWL_ARDEV_y1998_Lbin12",NA,NA,-0.00155366
"CA_TWL_ARDEV_y1998_Lbin13",NA,NA,-0.00270256
"CA_TWL_ARDEV_y1998_Lbin14",NA,NA,-0.00526969
"CA_TWL_ARDEV_y1998_Lbin15",NA,NA,-0.00989766
"CA_TWL_ARDEV_y1998_Lbin16",NA,NA,-0.0177026
"CA_TWL_ARDEV_y1998_Lbin17",NA,NA,-0.0307846
"CA_TWL_ARDEV_y1998_Lbin18",NA,NA,0.233262
"CA_TWL_ARDEV_y1998_Lbin19",NA,NA,0.562516
"CA_TWL_ARDEV_y1998_Lbin20",NA,NA,0.0757983
"CA_TWL_ARDEV_y1998_Lbin21",NA,NA,0.128557
"CA_TWL_ARDEV_y1998_Lbin22",NA,NA,0.208086
"CA_TWL_ARDEV_y1998_Lbin23",NA,NA,0.380002
"CA_TWL_ARDEV_y1998_Lbin24",NA,NA,0.249529
"CA_TWL_ARDEV_y1998_Lbin25",NA,NA,0.358372
"CA_TWL_ARDEV_y1998_Lbin26",NA,NA,0.0059541
"CA_TWL_ARDEV_y1998_Lbin27",NA,NA,-0.00158542
"CA_TWL_ARDEV_y1998_Lbin28",NA,NA,-0.193786
"CA_TWL_ARDEV_y1998_Lbin29",NA,NA,-0.118877
"CA_TWL_ARDEV_y1998_Lbin30",NA,NA,-0.17108
"CA_TWL_ARDEV_y1998_Lbin31",NA,NA,-0.124018
"CA_TWL_ARDEV_y1998_Lbin32",NA,NA,-0.191269
"CA_TWL_ARDEV_y1998_Lbin33",NA,NA,-0.132421
"CA_TWL_ARDEV_y1998_Lbin34",NA,NA,-0.0564521
"CA_TWL_ARDEV_y1998_Lbin35",NA,NA,-0.0483043
"CA_TWL_ARDEV_y1998_Lbin36",NA,NA,-0.0967375
"CA_TWL_ARDEV_y1998_Lbin37",NA,NA,-0.101793
"CA_TWL_ARDEV_y1998_Lbin38",NA,NA,-0.0989855
"CA_TWL_ARDEV_y1999_Lbin10",NA,NA,-0.000933448
"CA_TWL_ARDEV_y1999_Lbin11",NA,NA,-0.00109861
"CA_TWL_ARDEV_y1999_Lbin12",NA,NA,0.00486196
"CA_TWL_ARDEV_y1999_Lbin13",NA,NA,0.00936044
"CA_TWL_ARDEV_y1999_Lbin14",NA,NA,-0.00420562
"CA_TWL_ARDEV_y1999_Lbin15",NA,NA,-0.00735974
"CA_TWL_ARDEV_y1999_Lbin16",NA,NA,-0.0120408
"CA_TWL_ARDEV_y1999_Lbin17",NA,NA,-0.019175
"CA_TWL_ARDEV_y1999_Lbin18",NA,NA,-0.0284852
"CA_TWL_ARDEV_y1999_Lbin19",NA,NA,-0.0481994
"CA_TWL_ARDEV_y1999_Lbin20",NA,NA,0.0857899
"CA_TWL_ARDEV_y1999_Lbin21",NA,NA,0.158441
"CA_TWL_ARDEV_y1999_Lbin22",NA,NA,0.260193
"CA_TWL_ARDEV_y1999_Lbin23",NA,NA,0.537187
"CA_TWL_ARDEV_y1999_Lbin24",NA,NA,0.309323
"CA_TWL_ARDEV_y1999_Lbin25",NA,NA,0.513142
"CA_TWL_ARDEV_y1999_Lbin26",NA,NA,0.0285509
"CA_TWL_ARDEV_y1999_Lbin27",NA,NA,0.0437055
"CA_TWL_ARDEV_y1999_Lbin28",NA,NA,-0.296434
"CA_TWL_ARDEV_y1999_Lbin29",NA,NA,-0.294397
"CA_TWL_ARDEV_y1999_Lbin30",NA,NA,-0.268694
"CA_TWL_ARDEV_y1999_Lbin31",NA,NA,-0.194124
"CA_TWL_ARDEV_y1999_Lbin32",NA,NA,-0.0871817
"CA_TWL_ARDEV_y1999_Lbin33",NA,NA,-0.0517928
"CA_TWL_ARDEV_y1999_Lbin34",NA,NA,-0.158026
"CA_TWL_ARDEV_y1999_Lbin35",NA,NA,-0.139478
"CA_TWL_ARDEV_y1999_Lbin36",NA,NA,-0.0201375
"CA_TWL_ARDEV_y1999_Lbin37",NA,NA,-0.0192252
"CA_TWL_ARDEV_y1999_Lbin38",NA,NA,-0.0492269
"CA_TWL_ARDEV_y2000_Lbin10",NA,NA,-0.0134593
"CA_TWL_ARDEV_y2000_Lbin11",NA,NA,-0.0131194
"CA_TWL_ARDEV_y2000_Lbin12",NA,NA,-0.00939018
"CA_TWL_ARDEV_y2000_Lbin13",NA,NA,-0.00659324
"CA_TWL_ARDEV_y2000_Lbin14",NA,NA,-0.00538107
"CA_TWL_ARDEV_y2000_Lbin15",NA,NA,-0.00591864
"CA_TWL_ARDEV_y2000_Lbin16",NA,NA,-0.000578649
"CA_TWL_ARDEV_y2000_Lbin17",NA,NA,-0.0011636
"CA_TWL_ARDEV_y2000_Lbin18",NA,NA,-0.0130351
"CA_TWL_ARDEV_y2000_Lbin19",NA,NA,-0.0207323
"CA_TWL_ARDEV_y2000_Lbin20",NA,NA,-0.0104502
"CA_TWL_ARDEV_y2000_Lbin21",NA,NA,-0.0159231
"CA_TWL_ARDEV_y2000_Lbin22",NA,NA,-0.0234591
"CA_TWL_ARDEV_y2000_Lbin23",NA,NA,-0.0364336
"CA_TWL_ARDEV_y2000_Lbin24",NA,NA,0.0379756
"CA_TWL_ARDEV_y2000_Lbin25",NA,NA,0.0519998
"CA_TWL_ARDEV_y2000_Lbin26",NA,NA,-0.0956391
"CA_TWL_ARDEV_y2000_Lbin27",NA,NA,-0.113761
"CA_TWL_ARDEV_y2000_Lbin28",NA,NA,-0.0511351
"CA_TWL_ARDEV_y2000_Lbin29",NA,NA,-0.0552028
"CA_TWL_ARDEV_y2000_Lbin30",NA,NA,-0.147503
"CA_TWL_ARDEV_y2000_Lbin31",NA,NA,-0.123309
"CA_TWL_ARDEV_y2000_Lbin32",NA,NA,0.0347446
"CA_TWL_ARDEV_y2000_Lbin33",NA,NA,0.0349319
"CA_TWL_ARDEV_y2000_Lbin34",NA,NA,0.0253632
"CA_TWL_ARDEV_y2000_Lbin35",NA,NA,0.0302472
"CA_TWL_ARDEV_y2000_Lbin36",NA,NA,0.0268194
"CA_TWL_ARDEV_y2000_Lbin37",NA,NA,0.0242616
"CA_TWL_ARDEV_y2000_Lbin38",NA,NA,0.144007
"CA_TWL_ARDEV_y2001_Lbin10",NA,NA,-0.00201476
"CA_TWL_ARDEV_y2001_Lbin11",NA,NA,-0.00585392
"CA_TWL_ARDEV_y2001_Lbin12",NA,NA,-0.0155989
"CA_TWL_ARDEV_y2001_Lbin13",NA,NA,-0.0356237
"CA_TWL_ARDEV_y2001_Lbin14",NA,NA,-0.0677081
"CA_TWL_ARDEV_y2001_Lbin15",NA,NA,-0.106588
"CA_TWL_ARDEV_y2001_Lbin16",NA,NA,-0.0772512
"CA_TWL_ARDEV_y2001_Lbin17",NA,NA,-0.0859508
"CA_TWL_ARDEV_y2001_Lbin18",NA,NA,-0.0040481
"CA_TWL_ARDEV_y2001_Lbin19",NA,NA,-0.00209484
"CA_TWL_ARDEV_y2001_Lbin20",NA,NA,-0.0489951
"CA_TWL_ARDEV_y2001_Lbin21",NA,NA,-0.0475225
"CA_TWL_ARDEV_y2001_Lbin22",NA,NA,-0.0155891
"CA_TWL_ARDEV_y2001_Lbin23",NA,NA,-0.020457
"CA_TWL_ARDEV_y2001_Lbin24",NA,NA,0.0770725
"CA_TWL_ARDEV_y2001_Lbin25",NA,NA,0.112939
"CA_TWL_ARDEV_y2001_Lbin26",NA,NA,0.089573
"CA_TWL_ARDEV_y2001_Lbin27",NA,NA,0.103929
"CA_TWL_ARDEV_y2001_Lbin28",NA,NA,-0.027
"CA_TWL_ARDEV_y2001_Lbin29",NA,NA,-0.0272407
"CA_TWL_ARDEV_y2001_Lbin30",NA,NA,-0.0619769
"CA_TWL_ARDEV_y2001_Lbin31",NA,NA,-0.0419684
"CA_TWL_ARDEV_y2001_Lbin32",NA,NA,-0.0564824
"CA_TWL_ARDEV_y2001_Lbin33",NA,NA,-0.0390878
"CA_TWL_ARDEV_y2001_Lbin34",NA,NA,-0.0309022
"CA_TWL_ARDEV_y2001_Lbin35",NA,NA,-0.025153
"CA_TWL_ARDEV_y2001_Lbin36",NA,NA,0.128356
"CA_TWL_ARDEV_y2001_Lbin37",NA,NA,0.122309
"CA_TWL_ARDEV_y2001_Lbin38",NA,NA,-0.069494
"CA_TWL_ARDEV_y2002_Lbin10",NA,NA,0.00355579
"CA_TWL_ARDEV_y2002_Lbin11",NA,NA,0.00538758
"CA_TWL_ARDEV_y2002_Lbin12",NA,NA,0.0322224
"CA_TWL_ARDEV_y2002_Lbin13",NA,NA,0.0660239
"CA_TWL_ARDEV_y2002_Lbin14",NA,NA,-0.00201287
"CA_TWL_ARDEV_y2002_Lbin15",NA,NA,-0.0045466
"CA_TWL_ARDEV_y2002_Lbin16",NA,NA,-0.0122193
"CA_TWL_ARDEV_y2002_Lbin17",NA,NA,-0.0217004
"CA_TWL_ARDEV_y2002_Lbin18",NA,NA,0.00537346
"CA_TWL_ARDEV_y2002_Lbin19",NA,NA,0.00858562
"CA_TWL_ARDEV_y2002_Lbin20",NA,NA,0.0439721
"CA_TWL_ARDEV_y2002_Lbin21",NA,NA,0.0504336
"CA_TWL_ARDEV_y2002_Lbin22",NA,NA,-0.118963
"CA_TWL_ARDEV_y2002_Lbin23",NA,NA,-0.121369
"CA_TWL_ARDEV_y2002_Lbin24",NA,NA,-0.1776
"CA_TWL_ARDEV_y2002_Lbin25",NA,NA,-0.150458
"CA_TWL_ARDEV_y2002_Lbin26",NA,NA,-0.122612
"CA_TWL_ARDEV_y2002_Lbin27",NA,NA,-0.114018
"CA_TWL_ARDEV_y2002_Lbin28",NA,NA,-0.11921
"CA_TWL_ARDEV_y2002_Lbin29",NA,NA,-0.110499
"CA_TWL_ARDEV_y2002_Lbin30",NA,NA,-0.166249
"CA_TWL_ARDEV_y2002_Lbin31",NA,NA,-0.148227
"CA_TWL_ARDEV_y2002_Lbin32",NA,NA,-0.034821
"CA_TWL_ARDEV_y2002_Lbin33",NA,NA,-0.0126714
"CA_TWL_ARDEV_y2002_Lbin34",NA,NA,-0.00831006
"CA_TWL_ARDEV_y2002_Lbin35",NA,NA,-0.0134977
"CA_TWL_ARDEV_y2002_Lbin36",NA,NA,0.136663
"CA_TWL_ARDEV_y2002_Lbin37",NA,NA,0.121488
"CA_TWL_ARDEV_y2002_Lbin38",NA,NA,0.229256
"CA_TWL_ARDEV_y2003_Lbin10",NA,NA,-0.00010768
"CA_TWL_ARDEV_y2003_Lbin11",NA,NA,-0.000154696
"CA_TWL_ARDEV_y2003_Lbin12",NA,NA,0.00016783
"CA_TWL_ARDEV_y2003_Lbin13",NA,NA,0.000312499
"CA_TWL_ARDEV_y2003_Lbin14",NA,NA,-0.000931449
"CA_TWL_ARDEV_y2003_Lbin15",NA,NA,-0.00174495
"CA_TWL_ARDEV_y2003_Lbin16",NA,NA,-0.000683857
"CA_TWL_ARDEV_y2003_Lbin17",NA,NA,-0.00183663
"CA_TWL_ARDEV_y2003_Lbin18",NA,NA,-0.012863
"CA_TWL_ARDEV_y2003_Lbin19",NA,NA,-0.0253306
"CA_TWL_ARDEV_y2003_Lbin20",NA,NA,0.0228486
"CA_TWL_ARDEV_y2003_Lbin21",NA,NA,0.0243733
"CA_TWL_ARDEV_y2003_Lbin22",NA,NA,0.00154831
"CA_TWL_ARDEV_y2003_Lbin23",NA,NA,-0.0255591
"CA_TWL_ARDEV_y2003_Lbin24",NA,NA,0.0102725
"CA_TWL_ARDEV_y2003_Lbin25",NA,NA,0.0171978
"CA_TWL_ARDEV_y2003_Lbin26",NA,NA,0.160843
"CA_TWL_ARDEV_y2003_Lbin27",NA,NA,0.133437
"CA_TWL_ARDEV_y2003_Lbin28",NA,NA,0.0574657
"CA_TWL_ARDEV_y2003_Lbin29",NA,NA,0.0382646
"CA_TWL_ARDEV_y2003_Lbin30",NA,NA,-0.0257489
"CA_TWL_ARDEV_y2003_Lbin31",NA,NA,-0.0181384
"CA_TWL_ARDEV_y2003_Lbin32",NA,NA,-0.0420509
"CA_TWL_ARDEV_y2003_Lbin33",NA,NA,-0.0367923
"CA_TWL_ARDEV_y2003_Lbin34",NA,NA,-0.0361634
"CA_TWL_ARDEV_y2003_Lbin35",NA,NA,-0.0357697
"CA_TWL_ARDEV_y2003_Lbin36",NA,NA,-0.0250801
"CA_TWL_ARDEV_y2003_Lbin37",NA,NA,-0.0246924
"CA_TWL_ARDEV_y2003_Lbin38",NA,NA,-0.0223889
"CA_TWL_ARDEV_y2004_Lbin10",NA,NA,-0.00098125
"CA_TWL_ARDEV_y2004_Lbin11",NA,NA,-0.00101853
"CA_TWL_ARDEV_y2004_Lbin12",NA,NA,0.00233872
"CA_TWL_ARDEV_y2004_Lbin13",NA,NA,0.00269869
"CA_TWL_ARDEV_y2004_Lbin14",NA,NA,-0.00176668
"CA_TWL_ARDEV_y2004_Lbin15",NA,NA,-0.00319255
"CA_TWL_ARDEV_y2004_Lbin16",NA,NA,-0.00497103
"CA_TWL_ARDEV_y2004_Lbin17",NA,NA,-0.00934324
"CA_TWL_ARDEV_y2004_Lbin18",NA,NA,-0.0184022
"CA_TWL_ARDEV_y2004_Lbin19",NA,NA,-0.035022
"CA_TWL_ARDEV_y2004_Lbin20",NA,NA,-0.0711195
"CA_TWL_ARDEV_y2004_Lbin21",NA,NA,-0.122293
"CA_TWL_ARDEV_y2004_Lbin22",NA,NA,-0.122612
"CA_TWL_ARDEV_y2004_Lbin23",NA,NA,-0.197212
"CA_TWL_ARDEV_y2004_Lbin24",NA,NA,-0.109752
"CA_TWL_ARDEV_y2004_Lbin25",NA,NA,-0.211857
"CA_TWL_ARDEV_y2004_Lbin26",NA,NA,-0.275748
"CA_TWL_ARDEV_y2004_Lbin27",NA,NA,-0.335397
"CA_TWL_ARDEV_y2004_Lbin28",NA,NA,-0.0303096
"CA_TWL_ARDEV_y2004_Lbin29",NA,NA,-0.000694262
"CA_TWL_ARDEV_y2004_Lbin30",NA,NA,0.435972
"CA_TWL_ARDEV_y2004_Lbin31",NA,NA,0.307769
"CA_TWL_ARDEV_y2004_Lbin32",NA,NA,0.0521268
"CA_TWL_ARDEV_y2004_Lbin33",NA,NA,0.0383856
"CA_TWL_ARDEV_y2004_Lbin34",NA,NA,-0.079804
"CA_TWL_ARDEV_y2004_Lbin35",NA,NA,-0.0623822
"CA_TWL_ARDEV_y2004_Lbin36",NA,NA,0.0660668
"CA_TWL_ARDEV_y2004_Lbin37",NA,NA,0.0636192
"CA_TWL_ARDEV_y2004_Lbin38",NA,NA,0.134866
"CA_TWL_ARDEV_y2005_Lbin10",NA,NA,-0.000109382
"CA_TWL_ARDEV_y2005_Lbin11",NA,NA,-0.000193793
"CA_TWL_ARDEV_y2005_Lbin12",NA,NA,-0.000407898
"CA_TWL_ARDEV_y2005_Lbin13",NA,NA,-0.00087365
"CA_TWL_ARDEV_y2005_Lbin14",NA,NA,-0.00170419
"CA_TWL_ARDEV_y2005_Lbin15",NA,NA,-0.00286085
"CA_TWL_ARDEV_y2005_Lbin16",NA,NA,-0.00260099
"CA_TWL_ARDEV_y2005_Lbin17",NA,NA,-0.00367742
"CA_TWL_ARDEV_y2005_Lbin18",NA,NA,-0.00740107
"CA_TWL_ARDEV_y2005_Lbin19",NA,NA,-0.0108899
"CA_TWL_ARDEV_y2005_Lbin20",NA,NA,-0.0180373
"CA_TWL_ARDEV_y2005_Lbin21",NA,NA,-0.0314219
"CA_TWL_ARDEV_y2005_Lbin22",NA,NA,0.0317157
"CA_TWL_ARDEV_y2005_Lbin23",NA,NA,0.0502083
"CA_TWL_ARDEV_y2005_Lbin24",NA,NA,0.0777147
"CA_TWL_ARDEV_y2005_Lbin25",NA,NA,0.0933984
"CA_TWL_ARDEV_y2005_Lbin26",NA,NA,-0.134913
"CA_TWL_ARDEV_y2005_Lbin27",NA,NA,-0.166403
"CA_TWL_ARDEV_y2005_Lbin28",NA,NA,-0.266974
"CA_TWL_ARDEV_y2005_Lbin29",NA,NA,-0.280789
"CA_TWL_ARDEV_y2005_Lbin30",NA,NA,-0.183217
"CA_TWL_ARDEV_y2005_Lbin31",NA,NA,-0.163474
"CA_TWL_ARDEV_y2005_Lbin32",NA,NA,0.314276
"CA_TWL_ARDEV_y2005_Lbin33",NA,NA,0.24231
"CA_TWL_ARDEV_y2005_Lbin34",NA,NA,0.22531
"CA_TWL_ARDEV_y2005_Lbin35",NA,NA,0.143247
"CA_TWL_ARDEV_y2005_Lbin36",NA,NA,0.0112709
"CA_TWL_ARDEV_y2005_Lbin37",NA,NA,0.00921833
"CA_TWL_ARDEV_y2005_Lbin38",NA,NA,0.0386127
"CA_TWL_ARDEV_y2006_Lbin10",NA,NA,-4.63013e-05
"CA_TWL_ARDEV_y2006_Lbin11",NA,NA,-7.68935e-05
"CA_TWL_ARDEV_y2006_Lbin12",NA,NA,-0.000163603
"CA_TWL_ARDEV_y2006_Lbin13",NA,NA,-0.000371857
"CA_TWL_ARDEV_y2006_Lbin14",NA,NA,-0.000836989
"CA_TWL_ARDEV_y2006_Lbin15",NA,NA,-0.00174094
"CA_TWL_ARDEV_y2006_Lbin16",NA,NA,-0.00344358
"CA_TWL_ARDEV_y2006_Lbin17",NA,NA,-0.00655095
"CA_TWL_ARDEV_y2006_Lbin18",NA,NA,-0.0119801
"CA_TWL_ARDEV_y2006_Lbin19",NA,NA,-0.0206881
"CA_TWL_ARDEV_y2006_Lbin20",NA,NA,-0.0334733
"CA_TWL_ARDEV_y2006_Lbin21",NA,NA,-0.050842
"CA_TWL_ARDEV_y2006_Lbin22",NA,NA,-0.0735731
"CA_TWL_ARDEV_y2006_Lbin23",NA,NA,-0.103136
"CA_TWL_ARDEV_y2006_Lbin24",NA,NA,-0.12573
"CA_TWL_ARDEV_y2006_Lbin25",NA,NA,-0.163486
"CA_TWL_ARDEV_y2006_Lbin26",NA,NA,-0.129061
"CA_TWL_ARDEV_y2006_Lbin27",NA,NA,-0.160987
"CA_TWL_ARDEV_y2006_Lbin28",NA,NA,-0.138322
"CA_TWL_ARDEV_y2006_Lbin29",NA,NA,-0.184134
"CA_TWL_ARDEV_y2006_Lbin30",NA,NA,-0.256965
"CA_TWL_ARDEV_y2006_Lbin31",NA,NA,-0.273315
"CA_TWL_ARDEV_y2006_Lbin32",NA,NA,-0.17364
"CA_TWL_ARDEV_y2006_Lbin33",NA,NA,-0.155499
"CA_TWL_ARDEV_y2006_Lbin34",NA,NA,0.212428
"CA_TWL_ARDEV_y2006_Lbin35",NA,NA,0.169807
"CA_TWL_ARDEV_y2006_Lbin36",NA,NA,0.307314
"CA_TWL_ARDEV_y2006_Lbin37",NA,NA,0.206344
"CA_TWL_ARDEV_y2006_Lbin38",NA,NA,0.629975
"CA_TWL_ARDEV_y2007_Lbin10",NA,NA,0.000620837
"CA_TWL_ARDEV_y2007_Lbin11",NA,NA,0.000827202
"CA_TWL_ARDEV_y2007_Lbin12",NA,NA,0.000557995
"CA_TWL_ARDEV_y2007_Lbin13",NA,NA,0.00114013
"CA_TWL_ARDEV_y2007_Lbin14",NA,NA,-0.000251613
"CA_TWL_ARDEV_y2007_Lbin15",NA,NA,-0.000533788
"CA_TWL_ARDEV_y2007_Lbin16",NA,NA,-0.00157552
"CA_TWL_ARDEV_y2007_Lbin17",NA,NA,-0.00326059
"CA_TWL_ARDEV_y2007_Lbin18",NA,NA,-0.00672064
"CA_TWL_ARDEV_y2007_Lbin19",NA,NA,-0.0134627
"CA_TWL_ARDEV_y2007_Lbin20",NA,NA,-0.0258007
"CA_TWL_ARDEV_y2007_Lbin21",NA,NA,-0.0464979
"CA_TWL_ARDEV_y2007_Lbin22",NA,NA,-0.0730533
"CA_TWL_ARDEV_y2007_Lbin23",NA,NA,-0.112523
"CA_TWL_ARDEV_y2007_Lbin24",NA,NA,-0.15813
"CA_TWL_ARDEV_y2007_Lbin25",NA,NA,-0.202048
"CA_TWL_ARDEV_y2007_Lbin26",NA,NA,-0.17534
"CA_TWL_ARDEV_y2007_Lbin27",NA,NA,-0.192595
"CA_TWL_ARDEV_y2007_Lbin28",NA,NA,-0.117227
"CA_TWL_ARDEV_y2007_Lbin29",NA,NA,-0.1399
"CA_TWL_ARDEV_y2007_Lbin30",NA,NA,0.0145818
"CA_TWL_ARDEV_y2007_Lbin31",NA,NA,-0.112693
"CA_TWL_ARDEV_y2007_Lbin32",NA,NA,-0.15291
"CA_TWL_ARDEV_y2007_Lbin33",NA,NA,-0.174167
"CA_TWL_ARDEV_y2007_Lbin34",NA,NA,0.223721
"CA_TWL_ARDEV_y2007_Lbin35",NA,NA,0.032379
"CA_TWL_ARDEV_y2007_Lbin36",NA,NA,0.89759
"CA_TWL_ARDEV_y2007_Lbin37",NA,NA,0.126153
"CA_TWL_ARDEV_y2007_Lbin38",NA,NA,0.419995
"CA_TWL_ARDEV_y2008_Lbin10",NA,NA,-0.000298991
"CA_TWL_ARDEV_y2008_Lbin11",NA,NA,-0.000307148
"CA_TWL_ARDEV_y2008_Lbin12",NA,NA,-0.000282861
"CA_TWL_ARDEV_y2008_Lbin13",NA,NA,-0.000306857
"CA_TWL_ARDEV_y2008_Lbin14",NA,NA,-0.000464113
"CA_TWL_ARDEV_y2008_Lbin15",NA,NA,-0.000819937
"CA_TWL_ARDEV_y2008_Lbin16",NA,NA,-0.00153354
"CA_TWL_ARDEV_y2008_Lbin17",NA,NA,-0.00296267
"CA_TWL_ARDEV_y2008_Lbin18",NA,NA,-0.00347243
"CA_TWL_ARDEV_y2008_Lbin19",NA,NA,-0.0072194
"CA_TWL_ARDEV_y2008_Lbin20",NA,NA,-0.0199263
"CA_TWL_ARDEV_y2008_Lbin21",NA,NA,-0.039137
"CA_TWL_ARDEV_y2008_Lbin22",NA,NA,-0.0517744
"CA_TWL_ARDEV_y2008_Lbin23",NA,NA,-0.089256
"CA_TWL_ARDEV_y2008_Lbin24",NA,NA,-0.165474
"CA_TWL_ARDEV_y2008_Lbin25",NA,NA,-0.228331
"CA_TWL_ARDEV_y2008_Lbin26",NA,NA,-0.161777
"CA_TWL_ARDEV_y2008_Lbin27",NA,NA,-0.183396
"CA_TWL_ARDEV_y2008_Lbin28",NA,NA,-0.22337
"CA_TWL_ARDEV_y2008_Lbin29",NA,NA,-0.225005
"CA_TWL_ARDEV_y2008_Lbin30",NA,NA,-0.241359
"CA_TWL_ARDEV_y2008_Lbin31",NA,NA,-0.212835
"CA_TWL_ARDEV_y2008_Lbin32",NA,NA,-0.19996
"CA_TWL_ARDEV_y2008_Lbin33",NA,NA,-0.198318
"CA_TWL_ARDEV_y2008_Lbin34",NA,NA,0.0424221
"CA_TWL_ARDEV_y2008_Lbin35",NA,NA,0.0382618
"CA_TWL_ARDEV_y2008_Lbin36",NA,NA,0.652622
"CA_TWL_ARDEV_y2008_Lbin37",NA,NA,0.425588
"CA_TWL_ARDEV_y2008_Lbin38",NA,NA,0.463742
"CA_TWL_ARDEV_y2009_Lbin10",NA,NA,-0.000289291
"CA_TWL_ARDEV_y2009_Lbin11",NA,NA,-0.000368839
"CA_TWL_ARDEV_y2009_Lbin12",NA,NA,-0.000542969
"CA_TWL_ARDEV_y2009_Lbin13",NA,NA,-0.000963182
"CA_TWL_ARDEV_y2009_Lbin14",NA,NA,-0.00176922
"CA_TWL_ARDEV_y2009_Lbin15",NA,NA,-0.00290814
"CA_TWL_ARDEV_y2009_Lbin16",NA,NA,-0.00419495
"CA_TWL_ARDEV_y2009_Lbin17",NA,NA,-0.00549186
"CA_TWL_ARDEV_y2009_Lbin18",NA,NA,-0.00720208
"CA_TWL_ARDEV_y2009_Lbin19",NA,NA,-0.0106574
"CA_TWL_ARDEV_y2009_Lbin20",NA,NA,-0.0126149
"CA_TWL_ARDEV_y2009_Lbin21",NA,NA,-0.0234077
"CA_TWL_ARDEV_y2009_Lbin22",NA,NA,-0.037147
"CA_TWL_ARDEV_y2009_Lbin23",NA,NA,-0.0666736
"CA_TWL_ARDEV_y2009_Lbin24",NA,NA,0.00525502
"CA_TWL_ARDEV_y2009_Lbin25",NA,NA,0.0127165
"CA_TWL_ARDEV_y2009_Lbin26",NA,NA,0.113899
"CA_TWL_ARDEV_y2009_Lbin27",NA,NA,0.238927
"CA_TWL_ARDEV_y2009_Lbin28",NA,NA,-0.0768403
"CA_TWL_ARDEV_y2009_Lbin29",NA,NA,-0.0124607
"CA_TWL_ARDEV_y2009_Lbin30",NA,NA,-0.114937
"CA_TWL_ARDEV_y2009_Lbin31",NA,NA,-0.0664373
"CA_TWL_ARDEV_y2009_Lbin32",NA,NA,-0.172999
"CA_TWL_ARDEV_y2009_Lbin33",NA,NA,-0.160142
"CA_TWL_ARDEV_y2009_Lbin34",NA,NA,-0.133719
"CA_TWL_ARDEV_y2009_Lbin35",NA,NA,-0.136797
"CA_TWL_ARDEV_y2009_Lbin36",NA,NA,0.19838
"CA_TWL_ARDEV_y2009_Lbin37",NA,NA,0.193062
"CA_TWL_ARDEV_y2009_Lbin38",NA,NA,0.288935
"CA_TWL_ARDEV_y2010_Lbin10",NA,NA,-0.00139585
"CA_TWL_ARDEV_y2010_Lbin11",NA,NA,-0.00142352
"CA_TWL_ARDEV_y2010_Lbin12",NA,NA,-0.00128118
"CA_TWL_ARDEV_y2010_Lbin13",NA,NA,-0.00131429
"CA_TWL_ARDEV_y2010_Lbin14",NA,NA,-0.00180784
"CA_TWL_ARDEV_y2010_Lbin15",NA,NA,-0.0028706
"CA_TWL_ARDEV_y2010_Lbin16",NA,NA,-0.00454752
"CA_TWL_ARDEV_y2010_Lbin17",NA,NA,-0.00699989
"CA_TWL_ARDEV_y2010_Lbin18",NA,NA,-0.0107814
"CA_TWL_ARDEV_y2010_Lbin19",NA,NA,-0.0167876
"CA_TWL_ARDEV_y2010_Lbin20",NA,NA,-0.0259279
"CA_TWL_ARDEV_y2010_Lbin21",NA,NA,-0.0400215
"CA_TWL_ARDEV_y2010_Lbin22",NA,NA,-0.057871
"CA_TWL_ARDEV_y2010_Lbin23",NA,NA,-0.0894213
"CA_TWL_ARDEV_y2010_Lbin24",NA,NA,-0.0851278
"CA_TWL_ARDEV_y2010_Lbin25",NA,NA,-0.125894
"CA_TWL_ARDEV_y2010_Lbin26",NA,NA,-0.115172
"CA_TWL_ARDEV_y2010_Lbin27",NA,NA,-0.134024
"CA_TWL_ARDEV_y2010_Lbin28",NA,NA,-0.142767
"CA_TWL_ARDEV_y2010_Lbin29",NA,NA,-0.119682
"CA_TWL_ARDEV_y2010_Lbin30",NA,NA,-0.089493
"CA_TWL_ARDEV_y2010_Lbin31",NA,NA,-0.0635264
"CA_TWL_ARDEV_y2010_Lbin32",NA,NA,-0.165179
"CA_TWL_ARDEV_y2010_Lbin33",NA,NA,-0.162966
"CA_TWL_ARDEV_y2010_Lbin34",NA,NA,0.0639224
"CA_TWL_ARDEV_y2010_Lbin35",NA,NA,0.080366
"CA_TWL_ARDEV_y2010_Lbin36",NA,NA,0.285964
"CA_TWL_ARDEV_y2010_Lbin37",NA,NA,0.30173
"CA_TWL_ARDEV_y2010_Lbin38",NA,NA,0.616727
"CA_TWL_ARDEV_y2011_Lbin10",NA,NA,-0.000590825
"CA_TWL_ARDEV_y2011_Lbin11",NA,NA,-0.000676345
"CA_TWL_ARDEV_y2011_Lbin12",NA,NA,0.00687968
"CA_TWL_ARDEV_y2011_Lbin13",NA,NA,0.0103438
"CA_TWL_ARDEV_y2011_Lbin14",NA,NA,-0.00214598
"CA_TWL_ARDEV_y2011_Lbin15",NA,NA,-0.00342289
"CA_TWL_ARDEV_y2011_Lbin16",NA,NA,-0.0046744
"CA_TWL_ARDEV_y2011_Lbin17",NA,NA,-0.00576239
"CA_TWL_ARDEV_y2011_Lbin18",NA,NA,-0.00654078
"CA_TWL_ARDEV_y2011_Lbin19",NA,NA,-0.00758092
"CA_TWL_ARDEV_y2011_Lbin20",NA,NA,-0.00979619
"CA_TWL_ARDEV_y2011_Lbin21",NA,NA,-0.01373
"CA_TWL_ARDEV_y2011_Lbin22",NA,NA,-0.02041
"CA_TWL_ARDEV_y2011_Lbin23",NA,NA,-0.0309982
"CA_TWL_ARDEV_y2011_Lbin24",NA,NA,0.00339792
"CA_TWL_ARDEV_y2011_Lbin25",NA,NA,0.0054711
"CA_TWL_ARDEV_y2011_Lbin26",NA,NA,0.0226341
"CA_TWL_ARDEV_y2011_Lbin27",NA,NA,0.0283252
"CA_TWL_ARDEV_y2011_Lbin28",NA,NA,-0.0285413
"CA_TWL_ARDEV_y2011_Lbin29",NA,NA,-0.0287249
"CA_TWL_ARDEV_y2011_Lbin30",NA,NA,-0.0376411
"CA_TWL_ARDEV_y2011_Lbin31",NA,NA,-0.0363842
"CA_TWL_ARDEV_y2011_Lbin32",NA,NA,0.0261333
"CA_TWL_ARDEV_y2011_Lbin33",NA,NA,0.0265604
"CA_TWL_ARDEV_y2011_Lbin34",NA,NA,0.0575993
"CA_TWL_ARDEV_y2011_Lbin35",NA,NA,0.0667989
"CA_TWL_ARDEV_y2011_Lbin36",NA,NA,0.023076
"CA_TWL_ARDEV_y2011_Lbin37",NA,NA,0.0257863
"CA_TWL_ARDEV_y2011_Lbin38",NA,NA,0.0351503
"CA_TWL_ARDEV_y2012_Lbin10",NA,NA,-0.000370133
"CA_TWL_ARDEV_y2012_Lbin11",NA,NA,-0.00059166
"CA_TWL_ARDEV_y2012_Lbin12",NA,NA,-0.00191697
"CA_TWL_ARDEV_y2012_Lbin13",NA,NA,-0.00398515
"CA_TWL_ARDEV_y2012_Lbin14",NA,NA,-0.00776411
"CA_TWL_ARDEV_y2012_Lbin15",NA,NA,-0.0132777
"CA_TWL_ARDEV_y2012_Lbin16",NA,NA,-0.019429
"CA_TWL_ARDEV_y2012_Lbin17",NA,NA,-0.026788
"CA_TWL_ARDEV_y2012_Lbin18",NA,NA,-0.034195
"CA_TWL_ARDEV_y2012_Lbin19",NA,NA,-0.0456278
"CA_TWL_ARDEV_y2012_Lbin20",NA,NA,-0.0618724
"CA_TWL_ARDEV_y2012_Lbin21",NA,NA,-0.0786537
"CA_TWL_ARDEV_y2012_Lbin22",NA,NA,-0.0829564
"CA_TWL_ARDEV_y2012_Lbin23",NA,NA,-0.0979476
"CA_TWL_ARDEV_y2012_Lbin24",NA,NA,-0.0760766
"CA_TWL_ARDEV_y2012_Lbin25",NA,NA,-0.0905396
"CA_TWL_ARDEV_y2012_Lbin26",NA,NA,-0.00487734
"CA_TWL_ARDEV_y2012_Lbin27",NA,NA,-0.00412888
"CA_TWL_ARDEV_y2012_Lbin28",NA,NA,-0.0845351
"CA_TWL_ARDEV_y2012_Lbin29",NA,NA,-0.079857
"CA_TWL_ARDEV_y2012_Lbin30",NA,NA,-0.111686
"CA_TWL_ARDEV_y2012_Lbin31",NA,NA,-0.100971
"CA_TWL_ARDEV_y2012_Lbin32",NA,NA,-0.0152591
"CA_TWL_ARDEV_y2012_Lbin33",NA,NA,0.00197246
"CA_TWL_ARDEV_y2012_Lbin34",NA,NA,0.0671755
"CA_TWL_ARDEV_y2012_Lbin35",NA,NA,0.0865165
"CA_TWL_ARDEV_y2012_Lbin36",NA,NA,0.128558
"CA_TWL_ARDEV_y2012_Lbin37",NA,NA,0.152254
"CA_TWL_ARDEV_y2012_Lbin38",NA,NA,0.236736
"CA_TWL_ARDEV_y2013_Lbin10",NA,NA,-0.00103412
"CA_TWL_ARDEV_y2013_Lbin11",NA,NA,-0.00112207
"CA_TWL_ARDEV_y2013_Lbin12",NA,NA,-0.00121985
"CA_TWL_ARDEV_y2013_Lbin13",NA,NA,-0.00173206
"CA_TWL_ARDEV_y2013_Lbin14",NA,NA,-0.00313831
"CA_TWL_ARDEV_y2013_Lbin15",NA,NA,-0.00596784
"CA_TWL_ARDEV_y2013_Lbin16",NA,NA,-0.0101341
"CA_TWL_ARDEV_y2013_Lbin17",NA,NA,-0.0182578
"CA_TWL_ARDEV_y2013_Lbin18",NA,NA,-0.0289883
"CA_TWL_ARDEV_y2013_Lbin19",NA,NA,-0.0475809
"CA_TWL_ARDEV_y2013_Lbin20",NA,NA,-0.0601658
"CA_TWL_ARDEV_y2013_Lbin21",NA,NA,-0.0849216
"CA_TWL_ARDEV_y2013_Lbin22",NA,NA,-0.0848018
"CA_TWL_ARDEV_y2013_Lbin23",NA,NA,-0.103518
"CA_TWL_ARDEV_y2013_Lbin24",NA,NA,-0.0620009
"CA_TWL_ARDEV_y2013_Lbin25",NA,NA,-0.0694186
"CA_TWL_ARDEV_y2013_Lbin26",NA,NA,0.0192529
"CA_TWL_ARDEV_y2013_Lbin27",NA,NA,0.0117213
"CA_TWL_ARDEV_y2013_Lbin28",NA,NA,-0.0739024
"CA_TWL_ARDEV_y2013_Lbin29",NA,NA,-0.0631731
"CA_TWL_ARDEV_y2013_Lbin30",NA,NA,0.00283738
"CA_TWL_ARDEV_y2013_Lbin31",NA,NA,-0.00228551
"CA_TWL_ARDEV_y2013_Lbin32",NA,NA,0.00798982
"CA_TWL_ARDEV_y2013_Lbin33",NA,NA,0.00733424
"CA_TWL_ARDEV_y2013_Lbin34",NA,NA,0.187877
"CA_TWL_ARDEV_y2013_Lbin35",NA,NA,0.249536
"CA_TWL_ARDEV_y2013_Lbin36",NA,NA,0.165923
"CA_TWL_ARDEV_y2013_Lbin37",NA,NA,0.205407
"CA_TWL_ARDEV_y2013_Lbin38",NA,NA,0.167427
"CA_TWL_ARDEV_y2014_Lbin10",NA,NA,-0.00179341
"CA_TWL_ARDEV_y2014_Lbin11",NA,NA,-0.00201715
"CA_TWL_ARDEV_y2014_Lbin12",NA,NA,-0.00235031
"CA_TWL_ARDEV_y2014_Lbin13",NA,NA,-0.00347759
"CA_TWL_ARDEV_y2014_Lbin14",NA,NA,-0.00595643
"CA_TWL_ARDEV_y2014_Lbin15",NA,NA,-0.00982791
"CA_TWL_ARDEV_y2014_Lbin16",NA,NA,-0.0134867
"CA_TWL_ARDEV_y2014_Lbin17",NA,NA,-0.0189862
"CA_TWL_ARDEV_y2014_Lbin18",NA,NA,-0.0292501
"CA_TWL_ARDEV_y2014_Lbin19",NA,NA,-0.0441827
"CA_TWL_ARDEV_y2014_Lbin20",NA,NA,-0.0592364
"CA_TWL_ARDEV_y2014_Lbin21",NA,NA,-0.0937576
"CA_TWL_ARDEV_y2014_Lbin22",NA,NA,-0.0926406
"CA_TWL_ARDEV_y2014_Lbin23",NA,NA,-0.132415
"CA_TWL_ARDEV_y2014_Lbin24",NA,NA,-0.149388
"CA_TWL_ARDEV_y2014_Lbin25",NA,NA,-0.177688
"CA_TWL_ARDEV_y2014_Lbin26",NA,NA,-0.220595
"CA_TWL_ARDEV_y2014_Lbin27",NA,NA,-0.225207
"CA_TWL_ARDEV_y2014_Lbin28",NA,NA,-0.174837
"CA_TWL_ARDEV_y2014_Lbin29",NA,NA,-0.14844
"CA_TWL_ARDEV_y2014_Lbin30",NA,NA,-0.133692
"CA_TWL_ARDEV_y2014_Lbin31",NA,NA,-0.0980945
"CA_TWL_ARDEV_y2014_Lbin32",NA,NA,-0.0980156
"CA_TWL_ARDEV_y2014_Lbin33",NA,NA,-0.0779023
"CA_TWL_ARDEV_y2014_Lbin34",NA,NA,-0.0516551
"CA_TWL_ARDEV_y2014_Lbin35",NA,NA,-0.053394
"CA_TWL_ARDEV_y2014_Lbin36",NA,NA,0.200448
"CA_TWL_ARDEV_y2014_Lbin37",NA,NA,0.264259
"CA_TWL_ARDEV_y2014_Lbin38",NA,NA,0.387828
"CA_TWL_ARDEV_y2015_Lbin10",NA,NA,-0.000501234
"CA_TWL_ARDEV_y2015_Lbin11",NA,NA,-0.000944938
"CA_TWL_ARDEV_y2015_Lbin12",NA,NA,-0.00206583
"CA_TWL_ARDEV_y2015_Lbin13",NA,NA,-0.00454603
"CA_TWL_ARDEV_y2015_Lbin14",NA,NA,-0.00892983
"CA_TWL_ARDEV_y2015_Lbin15",NA,NA,-0.0153152
"CA_TWL_ARDEV_y2015_Lbin16",NA,NA,-0.0226329
"CA_TWL_ARDEV_y2015_Lbin17",NA,NA,-0.0314267
"CA_TWL_ARDEV_y2015_Lbin18",NA,NA,-0.0437431
"CA_TWL_ARDEV_y2015_Lbin19",NA,NA,-0.0608323
"CA_TWL_ARDEV_y2015_Lbin20",NA,NA,-0.072751
"CA_TWL_ARDEV_y2015_Lbin21",NA,NA,-0.102089
"CA_TWL_ARDEV_y2015_Lbin22",NA,NA,-0.118126
"CA_TWL_ARDEV_y2015_Lbin23",NA,NA,-0.156133
"CA_TWL_ARDEV_y2015_Lbin24",NA,NA,-0.0462885
"CA_TWL_ARDEV_y2015_Lbin25",NA,NA,-0.0636122
"CA_TWL_ARDEV_y2015_Lbin26",NA,NA,-0.142768
"CA_TWL_ARDEV_y2015_Lbin27",NA,NA,-0.161384
"CA_TWL_ARDEV_y2015_Lbin28",NA,NA,-0.228073
"CA_TWL_ARDEV_y2015_Lbin29",NA,NA,-0.214342
"CA_TWL_ARDEV_y2015_Lbin30",NA,NA,-0.0570443
"CA_TWL_ARDEV_y2015_Lbin31",NA,NA,-0.0451673
"CA_TWL_ARDEV_y2015_Lbin32",NA,NA,-0.0764672
"CA_TWL_ARDEV_y2015_Lbin33",NA,NA,-0.0580609
"CA_TWL_ARDEV_y2015_Lbin34",NA,NA,-0.05909
"CA_TWL_ARDEV_y2015_Lbin35",NA,NA,-0.0506198
"CA_TWL_ARDEV_y2015_Lbin36",NA,NA,0.225554
"CA_TWL_ARDEV_y2015_Lbin37",NA,NA,0.251142
"CA_TWL_ARDEV_y2015_Lbin38",NA,NA,0.427717
"CA_TWL_ARDEV_y2016_Lbin10",NA,NA,-0.000580194
"CA_TWL_ARDEV_y2016_Lbin11",NA,NA,-0.000635945
"CA_TWL_ARDEV_y2016_Lbin12",NA,NA,-0.000711136
"CA_TWL_ARDEV_y2016_Lbin13",NA,NA,-0.00106577
"CA_TWL_ARDEV_y2016_Lbin14",NA,NA,-0.0020731
"CA_TWL_ARDEV_y2016_Lbin15",NA,NA,-0.00427692
"CA_TWL_ARDEV_y2016_Lbin16",NA,NA,-0.00465479
"CA_TWL_ARDEV_y2016_Lbin17",NA,NA,-0.00911304
"CA_TWL_ARDEV_y2016_Lbin18",NA,NA,-0.0283844
"CA_TWL_ARDEV_y2016_Lbin19",NA,NA,-0.0487538
"CA_TWL_ARDEV_y2016_Lbin20",NA,NA,-0.0473425
"CA_TWL_ARDEV_y2016_Lbin21",NA,NA,-0.0690492
"CA_TWL_ARDEV_y2016_Lbin22",NA,NA,-0.0226004
"CA_TWL_ARDEV_y2016_Lbin23",NA,NA,-0.0293505
"CA_TWL_ARDEV_y2016_Lbin24",NA,NA,-0.0237137
"CA_TWL_ARDEV_y2016_Lbin25",NA,NA,-0.0279011
"CA_TWL_ARDEV_y2016_Lbin26",NA,NA,-0.112089
"CA_TWL_ARDEV_y2016_Lbin27",NA,NA,-0.120547
"CA_TWL_ARDEV_y2016_Lbin28",NA,NA,-0.106244
"CA_TWL_ARDEV_y2016_Lbin29",NA,NA,-0.102062
"CA_TWL_ARDEV_y2016_Lbin30",NA,NA,-0.0582486
"CA_TWL_ARDEV_y2016_Lbin31",NA,NA,-0.0495592
"CA_TWL_ARDEV_y2016_Lbin32",NA,NA,-0.0605598
"CA_TWL_ARDEV_y2016_Lbin33",NA,NA,-0.0501871
"CA_TWL_ARDEV_y2016_Lbin34",NA,NA,-0.0706909
"CA_TWL_ARDEV_y2016_Lbin35",NA,NA,-0.0575892
"CA_TWL_ARDEV_y2016_Lbin36",NA,NA,-0.0132782
"CA_TWL_ARDEV_y2016_Lbin37",NA,NA,-0.0121123
"CA_TWL_ARDEV_y2016_Lbin38",NA,NA,0.390696
"CA_TWL_ARDEV_y2017_Lbin10",NA,NA,-0.000334483
"CA_TWL_ARDEV_y2017_Lbin11",NA,NA,-0.000478433
"CA_TWL_ARDEV_y2017_Lbin12",NA,NA,-0.000817108
"CA_TWL_ARDEV_y2017_Lbin13",NA,NA,-0.00161014
"CA_TWL_ARDEV_y2017_Lbin14",NA,NA,-0.00310756
"CA_TWL_ARDEV_y2017_Lbin15",NA,NA,-0.0053733
"CA_TWL_ARDEV_y2017_Lbin16",NA,NA,-0.00690292
"CA_TWL_ARDEV_y2017_Lbin17",NA,NA,-0.0103267
"CA_TWL_ARDEV_y2017_Lbin18",NA,NA,-0.0167005
"CA_TWL_ARDEV_y2017_Lbin19",NA,NA,-0.0279598
"CA_TWL_ARDEV_y2017_Lbin20",NA,NA,-0.0379957
"CA_TWL_ARDEV_y2017_Lbin21",NA,NA,-0.0650398
"CA_TWL_ARDEV_y2017_Lbin22",NA,NA,-0.0408581
"CA_TWL_ARDEV_y2017_Lbin23",NA,NA,-0.0621169
"CA_TWL_ARDEV_y2017_Lbin24",NA,NA,-0.090564
"CA_TWL_ARDEV_y2017_Lbin25",NA,NA,-0.112795
"CA_TWL_ARDEV_y2017_Lbin26",NA,NA,-0.117331
"CA_TWL_ARDEV_y2017_Lbin27",NA,NA,-0.122807
"CA_TWL_ARDEV_y2017_Lbin28",NA,NA,-0.18648
"CA_TWL_ARDEV_y2017_Lbin29",NA,NA,-0.173483
"CA_TWL_ARDEV_y2017_Lbin30",NA,NA,-0.13246
"CA_TWL_ARDEV_y2017_Lbin31",NA,NA,-0.118028
"CA_TWL_ARDEV_y2017_Lbin32",NA,NA,-0.100112
"CA_TWL_ARDEV_y2017_Lbin33",NA,NA,-0.086928
"CA_TWL_ARDEV_y2017_Lbin34",NA,NA,0.0676741
"CA_TWL_ARDEV_y2017_Lbin35",NA,NA,0.0588789
"CA_TWL_ARDEV_y2017_Lbin36",NA,NA,0.00363243
"CA_TWL_ARDEV_y2017_Lbin37",NA,NA,0.00447737
"CA_TWL_ARDEV_y2017_Lbin38",NA,NA,0.270001
"CA_TWL_ARDEV_y2018_Lbin10",NA,NA,-0.000333902
"CA_TWL_ARDEV_y2018_Lbin11",NA,NA,-0.000442451
"CA_TWL_ARDEV_y2018_Lbin12",NA,NA,0.00206389
"CA_TWL_ARDEV_y2018_Lbin13",NA,NA,0.00396645
"CA_TWL_ARDEV_y2018_Lbin14",NA,NA,0.00147943
"CA_TWL_ARDEV_y2018_Lbin15",NA,NA,0.00282318
"CA_TWL_ARDEV_y2018_Lbin16",NA,NA,0.019063
"CA_TWL_ARDEV_y2018_Lbin17",NA,NA,0.0340254
"CA_TWL_ARDEV_y2018_Lbin18",NA,NA,0.0394552
"CA_TWL_ARDEV_y2018_Lbin19",NA,NA,0.070374
"CA_TWL_ARDEV_y2018_Lbin20",NA,NA,-0.0519512
"CA_TWL_ARDEV_y2018_Lbin21",NA,NA,-0.0816586
"CA_TWL_ARDEV_y2018_Lbin22",NA,NA,-0.139109
"CA_TWL_ARDEV_y2018_Lbin23",NA,NA,-0.198222
"CA_TWL_ARDEV_y2018_Lbin24",NA,NA,-0.195543
"CA_TWL_ARDEV_y2018_Lbin25",NA,NA,-0.257655
"CA_TWL_ARDEV_y2018_Lbin26",NA,NA,-0.215436
"CA_TWL_ARDEV_y2018_Lbin27",NA,NA,-0.256061
"CA_TWL_ARDEV_y2018_Lbin28",NA,NA,-0.176975
"CA_TWL_ARDEV_y2018_Lbin29",NA,NA,-0.173085
"CA_TWL_ARDEV_y2018_Lbin30",NA,NA,-0.0100895
"CA_TWL_ARDEV_y2018_Lbin31",NA,NA,-0.00617729
"CA_TWL_ARDEV_y2018_Lbin32",NA,NA,0.288817
"CA_TWL_ARDEV_y2018_Lbin33",NA,NA,0.231332
"CA_TWL_ARDEV_y2018_Lbin34",NA,NA,0.451613
"CA_TWL_ARDEV_y2018_Lbin35",NA,NA,0.337276
"CA_TWL_ARDEV_y2018_Lbin36",NA,NA,0.282604
"CA_TWL_ARDEV_y2018_Lbin37",NA,NA,0.225472
"CA_TWL_ARDEV_y2018_Lbin38",NA,NA,-0.0164461
"CA_TWL_ARDEV_y2019_Lbin10",NA,NA,-0.000123313
"CA_TWL_ARDEV_y2019_Lbin11",NA,NA,-0.000195566
"CA_TWL_ARDEV_y2019_Lbin12",NA,NA,-0.000388116
"CA_TWL_ARDEV_y2019_Lbin13",NA,NA,-0.00082836
"CA_TWL_ARDEV_y2019_Lbin14",NA,NA,0.000893892
"CA_TWL_ARDEV_y2019_Lbin15",NA,NA,0.00167637
"CA_TWL_ARDEV_y2019_Lbin16",NA,NA,0.00228113
"CA_TWL_ARDEV_y2019_Lbin17",NA,NA,0.00395198
"CA_TWL_ARDEV_y2019_Lbin18",NA,NA,-0.00716767
"CA_TWL_ARDEV_y2019_Lbin19",NA,NA,-0.0129603
"CA_TWL_ARDEV_y2019_Lbin20",NA,NA,0.00323668
"CA_TWL_ARDEV_y2019_Lbin21",NA,NA,0.00567524
"CA_TWL_ARDEV_y2019_Lbin22",NA,NA,0.0487147
"CA_TWL_ARDEV_y2019_Lbin23",NA,NA,0.0779806
"CA_TWL_ARDEV_y2019_Lbin24",NA,NA,0.0600096
"CA_TWL_ARDEV_y2019_Lbin25",NA,NA,0.0736934
"CA_TWL_ARDEV_y2019_Lbin26",NA,NA,-0.109605
"CA_TWL_ARDEV_y2019_Lbin27",NA,NA,-0.146007
"CA_TWL_ARDEV_y2019_Lbin28",NA,NA,-0.25431
"CA_TWL_ARDEV_y2019_Lbin29",NA,NA,-0.238711
"CA_TWL_ARDEV_y2019_Lbin30",NA,NA,0.0374794
"CA_TWL_ARDEV_y2019_Lbin31",NA,NA,0.111641
"CA_TWL_ARDEV_y2019_Lbin32",NA,NA,0.228809
"CA_TWL_ARDEV_y2019_Lbin33",NA,NA,0.26598
"CA_TWL_ARDEV_y2019_Lbin34",NA,NA,0.235872
"CA_TWL_ARDEV_y2019_Lbin35",NA,NA,0.22615
"CA_TWL_ARDEV_y2019_Lbin36",NA,NA,-0.0362816
"CA_TWL_ARDEV_y2019_Lbin37",NA,NA,-0.0259776
"CA_TWL_ARDEV_y2019_Lbin38",NA,NA,-0.0947732
"CA_TWL_ARDEV_y2020_Lbin10",NA,NA,-0.000212088
"CA_TWL_ARDEV_y2020_Lbin11",NA,NA,-0.000238951
"CA_TWL_ARDEV_y2020_Lbin12",NA,NA,-0.000289183
"CA_TWL_ARDEV_y2020_Lbin13",NA,NA,-0.000456059
"CA_TWL_ARDEV_y2020_Lbin14",NA,NA,-0.000897302
"CA_TWL_ARDEV_y2020_Lbin15",NA,NA,-0.00177606
"CA_TWL_ARDEV_y2020_Lbin16",NA,NA,-0.00146853
"CA_TWL_ARDEV_y2020_Lbin17",NA,NA,-0.002771
"CA_TWL_ARDEV_y2020_Lbin18",NA,NA,-0.0121991
"CA_TWL_ARDEV_y2020_Lbin19",NA,NA,-0.0232006
"CA_TWL_ARDEV_y2020_Lbin20",NA,NA,-0.0401436
"CA_TWL_ARDEV_y2020_Lbin21",NA,NA,-0.07003
"CA_TWL_ARDEV_y2020_Lbin22",NA,NA,-0.0668931
"CA_TWL_ARDEV_y2020_Lbin23",NA,NA,-0.105399
"CA_TWL_ARDEV_y2020_Lbin24",NA,NA,-0.0985498
"CA_TWL_ARDEV_y2020_Lbin25",NA,NA,-0.136198
"CA_TWL_ARDEV_y2020_Lbin26",NA,NA,-0.149933
"CA_TWL_ARDEV_y2020_Lbin27",NA,NA,-0.1787
"CA_TWL_ARDEV_y2020_Lbin28",NA,NA,-0.37936
"CA_TWL_ARDEV_y2020_Lbin29",NA,NA,-0.385454
"CA_TWL_ARDEV_y2020_Lbin30",NA,NA,-0.115456
"CA_TWL_ARDEV_y2020_Lbin31",NA,NA,-0.0443396
"CA_TWL_ARDEV_y2020_Lbin32",NA,NA,0.29733
"CA_TWL_ARDEV_y2020_Lbin33",NA,NA,0.406814
"CA_TWL_ARDEV_y2020_Lbin34",NA,NA,0.541344
"CA_TWL_ARDEV_y2020_Lbin35",NA,NA,0.547143
"CA_TWL_ARDEV_y2020_Lbin36",NA,NA,0.265603
"CA_TWL_ARDEV_y2020_Lbin37",NA,NA,0.243186
"CA_TWL_ARDEV_y2020_Lbin38",NA,NA,-0.073199
"CA_TWL_ARDEV_y2021_Lbin10",NA,NA,-0.000422345
"CA_TWL_ARDEV_y2021_Lbin11",NA,NA,-0.000467486
"CA_TWL_ARDEV_y2021_Lbin12",NA,NA,0.000153181
"CA_TWL_ARDEV_y2021_Lbin13",NA,NA,0.000218107
"CA_TWL_ARDEV_y2021_Lbin14",NA,NA,-0.00106398
"CA_TWL_ARDEV_y2021_Lbin15",NA,NA,-0.00179001
"CA_TWL_ARDEV_y2021_Lbin16",NA,NA,-0.00275209
"CA_TWL_ARDEV_y2021_Lbin17",NA,NA,-0.00425742
"CA_TWL_ARDEV_y2021_Lbin18",NA,NA,-0.00854241
"CA_TWL_ARDEV_y2021_Lbin19",NA,NA,-0.0152876
"CA_TWL_ARDEV_y2021_Lbin20",NA,NA,-0.0255013
"CA_TWL_ARDEV_y2021_Lbin21",NA,NA,-0.0476537
"CA_TWL_ARDEV_y2021_Lbin22",NA,NA,-0.0729625
"CA_TWL_ARDEV_y2021_Lbin23",NA,NA,-0.121047
"CA_TWL_ARDEV_y2021_Lbin24",NA,NA,-0.100283
"CA_TWL_ARDEV_y2021_Lbin25",NA,NA,-0.141885
"CA_TWL_ARDEV_y2021_Lbin26",NA,NA,-0.128289
"CA_TWL_ARDEV_y2021_Lbin27",NA,NA,-0.152494
"CA_TWL_ARDEV_y2021_Lbin28",NA,NA,-0.29167
"CA_TWL_ARDEV_y2021_Lbin29",NA,NA,-0.296941
"CA_TWL_ARDEV_y2021_Lbin30",NA,NA,-0.293066
"CA_TWL_ARDEV_y2021_Lbin31",NA,NA,-0.273704
"CA_TWL_ARDEV_y2021_Lbin32",NA,NA,0.0800684
"CA_TWL_ARDEV_y2021_Lbin33",NA,NA,0.139121
"CA_TWL_ARDEV_y2021_Lbin34",NA,NA,0.37957
"CA_TWL_ARDEV_y2021_Lbin35",NA,NA,0.413661
"CA_TWL_ARDEV_y2021_Lbin36",NA,NA,0.374096
"CA_TWL_ARDEV_y2021_Lbin37",NA,NA,0.353677
"CA_TWL_ARDEV_y2021_Lbin38",NA,NA,0.138363
"CA_TWL_ARDEV_y2022_Lbin10",NA,NA,0.00255905
"CA_TWL_ARDEV_y2022_Lbin11",NA,NA,0.00285518
"CA_TWL_ARDEV_y2022_Lbin12",NA,NA,-2.62936e-05
"CA_TWL_ARDEV_y2022_Lbin13",NA,NA,-3.74728e-05
"CA_TWL_ARDEV_y2022_Lbin14",NA,NA,-0.000800316
"CA_TWL_ARDEV_y2022_Lbin15",NA,NA,-0.00130953
"CA_TWL_ARDEV_y2022_Lbin16",NA,NA,-0.00306865
"CA_TWL_ARDEV_y2022_Lbin17",NA,NA,-0.00427009
"CA_TWL_ARDEV_y2022_Lbin18",NA,NA,-0.00258269
"CA_TWL_ARDEV_y2022_Lbin19",NA,NA,-0.00361275
"CA_TWL_ARDEV_y2022_Lbin20",NA,NA,-0.00722686
"CA_TWL_ARDEV_y2022_Lbin21",NA,NA,-0.0120742
"CA_TWL_ARDEV_y2022_Lbin22",NA,NA,-0.0240048
"CA_TWL_ARDEV_y2022_Lbin23",NA,NA,-0.040829
"CA_TWL_ARDEV_y2022_Lbin24",NA,NA,-0.0409557
"CA_TWL_ARDEV_y2022_Lbin25",NA,NA,-0.0606949
"CA_TWL_ARDEV_y2022_Lbin26",NA,NA,-0.0336421
"CA_TWL_ARDEV_y2022_Lbin27",NA,NA,-0.0460525
"CA_TWL_ARDEV_y2022_Lbin28",NA,NA,0.0540549
"CA_TWL_ARDEV_y2022_Lbin29",NA,NA,0.0264389
"CA_TWL_ARDEV_y2022_Lbin30",NA,NA,0.013499
"CA_TWL_ARDEV_y2022_Lbin31",NA,NA,0.0573595
"CA_TWL_ARDEV_y2022_Lbin32",NA,NA,-0.0657676
"CA_TWL_ARDEV_y2022_Lbin33",NA,NA,-0.047872
"CA_TWL_ARDEV_y2022_Lbin34",NA,NA,0.025698
"CA_TWL_ARDEV_y2022_Lbin35",NA,NA,0.0348501
"CA_TWL_ARDEV_y2022_Lbin36",NA,NA,0.132864
"CA_TWL_ARDEV_y2022_Lbin37",NA,NA,0.138417
"CA_TWL_ARDEV_y2022_Lbin38",NA,NA,0.112038
"CA_TWL_ARDEV_y2023_Lbin10",NA,NA,-0.000274367
"CA_TWL_ARDEV_y2023_Lbin11",NA,NA,-0.000425595
"CA_TWL_ARDEV_y2023_Lbin12",NA,NA,-0.000799954
"CA_TWL_ARDEV_y2023_Lbin13",NA,NA,-0.00164046
"CA_TWL_ARDEV_y2023_Lbin14",NA,NA,-0.00318922
"CA_TWL_ARDEV_y2023_Lbin15",NA,NA,-0.0054258
"CA_TWL_ARDEV_y2023_Lbin16",NA,NA,-0.00462327
"CA_TWL_ARDEV_y2023_Lbin17",NA,NA,-0.00614397
"CA_TWL_ARDEV_y2023_Lbin18",NA,NA,-0.00966772
"CA_TWL_ARDEV_y2023_Lbin19",NA,NA,-0.0134398
"CA_TWL_ARDEV_y2023_Lbin20",NA,NA,-0.0237725
"CA_TWL_ARDEV_y2023_Lbin21",NA,NA,-0.0351344
"CA_TWL_ARDEV_y2023_Lbin22",NA,NA,-0.0628679
"CA_TWL_ARDEV_y2023_Lbin23",NA,NA,-0.0933668
"CA_TWL_ARDEV_y2023_Lbin24",NA,NA,-0.104289
"CA_TWL_ARDEV_y2023_Lbin25",NA,NA,-0.144394
"CA_TWL_ARDEV_y2023_Lbin26",NA,NA,-0.0517091
"CA_TWL_ARDEV_y2023_Lbin27",NA,NA,-0.0634507
"CA_TWL_ARDEV_y2023_Lbin28",NA,NA,-0.0581857
"CA_TWL_ARDEV_y2023_Lbin29",NA,NA,-0.0837373
"CA_TWL_ARDEV_y2023_Lbin30",NA,NA,-0.0951952
"CA_TWL_ARDEV_y2023_Lbin31",NA,NA,-0.0799869
"CA_TWL_ARDEV_y2023_Lbin32",NA,NA,0.0646894
"CA_TWL_ARDEV_y2023_Lbin33",NA,NA,0.11892
"CA_TWL_ARDEV_y2023_Lbin34",NA,NA,0.0908231
"CA_TWL_ARDEV_y2023_Lbin35",NA,NA,0.118367
"CA_TWL_ARDEV_y2023_Lbin36",NA,NA,0.236981
"CA_TWL_ARDEV_y2023_Lbin37",NA,NA,0.258515
"CA_TWL_ARDEV_y2023_Lbin38",NA,NA,0.290808
"CA_TWL_ARDEV_y2024_Lbin10",NA,NA,-0.000738448
"CA_TWL_ARDEV_y2024_Lbin11",NA,NA,-0.000810107
"CA_TWL_ARDEV_y2024_Lbin12",NA,NA,-0.000899902
"CA_TWL_ARDEV_y2024_Lbin13",NA,NA,-0.00129497
"CA_TWL_ARDEV_y2024_Lbin14",NA,NA,-0.00235023
"CA_TWL_ARDEV_y2024_Lbin15",NA,NA,-0.00440577
"CA_TWL_ARDEV_y2024_Lbin16",NA,NA,-0.0075875
"CA_TWL_ARDEV_y2024_Lbin17",NA,NA,-0.0134516
"CA_TWL_ARDEV_y2024_Lbin18",NA,NA,-0.0230828
"CA_TWL_ARDEV_y2024_Lbin19",NA,NA,-0.038235
"CA_TWL_ARDEV_y2024_Lbin20",NA,NA,-0.0601635
"CA_TWL_ARDEV_y2024_Lbin21",NA,NA,-0.0871082
"CA_TWL_ARDEV_y2024_Lbin22",NA,NA,-0.119965
"CA_TWL_ARDEV_y2024_Lbin23",NA,NA,-0.15943
"CA_TWL_ARDEV_y2024_Lbin24",NA,NA,-0.169233
"CA_TWL_ARDEV_y2024_Lbin25",NA,NA,-0.212359
"CA_TWL_ARDEV_y2024_Lbin26",NA,NA,-0.113491
"CA_TWL_ARDEV_y2024_Lbin27",NA,NA,-0.124225
"CA_TWL_ARDEV_y2024_Lbin28",NA,NA,-0.151176
"CA_TWL_ARDEV_y2024_Lbin29",NA,NA,-0.148029
"CA_TWL_ARDEV_y2024_Lbin30",NA,NA,-0.182438
"CA_TWL_ARDEV_y2024_Lbin31",NA,NA,-0.138003
"CA_TWL_ARDEV_y2024_Lbin32",NA,NA,0.0520942
"CA_TWL_ARDEV_y2024_Lbin33",NA,NA,0.147141
"CA_TWL_ARDEV_y2024_Lbin34",NA,NA,0.193825
"CA_TWL_ARDEV_y2024_Lbin35",NA,NA,0.260239
"CA_TWL_ARDEV_y2024_Lbin36",NA,NA,0.442492
"CA_TWL_ARDEV_y2024_Lbin37",NA,NA,0.532173
"CA_TWL_ARDEV_y2024_Lbin38",NA,NA,0.526204
"Bratio_2025",0.592548,0.602521,0.585123
"SSB_unfished",13487.4,13944.9,13332.8
"Totbio_unfished",58071.9,61068.6,57435
"Recr_unfished",25756.4,28215.2,25094.9
"Dead_Catch_SPR",2355.93,2508.65,2306.28
"OFLCatch_2025",2566.28,2894.42,2543.03
